<Anims>
 <anim name="idle" root="mutator_spider_leader" numframes="1000" framerate="40">
  <frame idx="0" w="230" h="333" x="4.122772" y="-88.452545">
   <element name="mutator_spider_leader" layername="mutator_spider_leader" frame="0" z_index="1" m_a="0.830492" m_b="0.000000" m_c="0.000000" m_d="0.830492" m_tx="-83.144302" m_ty="22.080320"/>
  </frame>
  <frame idx="25" w="230" h="333" x="4.122772" y="-88.452545">
   <element name="mutator_spider_leader" layername="mutator_spider_leader" frame="0" z_index="1" m_a="0.830492" m_b="0.000000" m_c="0.000000" m_d="0.830492" m_tx="-83.144302" m_ty="22.080320"/>
  </frame>
  <frame idx="50" w="230" h="333" x="4.122772" y="-88.452545">
   <element name="mutator_spider_leader" layername="mutator_spider_leader" frame="0" z_index="1" m_a="0.830492" m_b="0.000000" m_c="0.000000" m_d="0.830492" m_tx="-83.144302" m_ty="22.080320"/>
  </frame>
  <frame idx="75" w="230" h="333" x="4.122772" y="-88.452545">
   <element name="mutator_spider_leader" layername="mutator_spider_leader" frame="0" z_index="1" m_a="0.830492" m_b="0.000000" m_c="0.000000" m_d="0.830492" m_tx="-83.144302" m_ty="22.080320"/>
  </frame>
  <frame idx="100" w="230" h="333" x="4.122772" y="-88.452545">
   <element name="mutator_spider_leader" layername="mutator_spider_leader" frame="0" z_index="1" m_a="0.830492" m_b="0.000000" m_c="0.000000" m_d="0.830492" m_tx="-83.144302" m_ty="22.080320"/>
  </frame>
  <frame idx="125" w="230" h="333" x="4.122772" y="-88.452545">
   <element name="mutator_spider_leader" layername="mutator_spider_leader" frame="0" z_index="1" m_a="0.830492" m_b="0.000000" m_c="0.000000" m_d="0.830492" m_tx="-83.144302" m_ty="22.080320"/>
  </frame>
  <frame idx="150" w="230" h="333" x="4.122772" y="-88.452545">
   <element name="mutator_spider_leader" layername="mutator_spider_leader" frame="0" z_index="1" m_a="0.830492" m_b="0.000000" m_c="0.000000" m_d="0.830492" m_tx="-83.144302" m_ty="22.080320"/>
  </frame>
  <frame idx="175" w="230" h="333" x="4.122772" y="-88.452545">
   <element name="mutator_spider_leader" layername="mutator_spider_leader" frame="0" z_index="1" m_a="0.830492" m_b="0.000000" m_c="0.000000" m_d="0.830492" m_tx="-83.144302" m_ty="22.080320"/>
  </frame>
  <frame idx="200" w="230" h="333" x="4.122772" y="-88.452545">
   <element name="mutator_spider_leader" layername="mutator_spider_leader" frame="0" z_index="1" m_a="0.830492" m_b="0.000000" m_c="0.000000" m_d="0.830492" m_tx="-83.144302" m_ty="22.080320"/>
  </frame>
  <frame idx="225" w="230" h="333" x="4.122772" y="-88.452545">
   <element name="mutator_spider_leader" layername="mutator_spider_leader" frame="0" z_index="1" m_a="0.830492" m_b="0.000000" m_c="0.000000" m_d="0.830492" m_tx="-83.144302" m_ty="22.080320"/>
  </frame>
  <frame idx="250" w="230" h="333" x="4.122772" y="-88.452545">
   <element name="mutator_spider_leader" layername="mutator_spider_leader" frame="0" z_index="1" m_a="0.830492" m_b="0.000000" m_c="0.000000" m_d="0.830492" m_tx="-83.144302" m_ty="22.080320"/>
  </frame>
  <frame idx="275" w="230" h="333" x="4.122772" y="-88.452545">
   <element name="mutator_spider_leader" layername="mutator_spider_leader" frame="0" z_index="1" m_a="0.830492" m_b="0.000000" m_c="0.000000" m_d="0.830492" m_tx="-83.144302" m_ty="22.080320"/>
  </frame>
  <frame idx="300" w="230" h="333" x="4.122772" y="-88.452545">
   <element name="mutator_spider_leader" layername="mutator_spider_leader" frame="0" z_index="1" m_a="0.830492" m_b="0.000000" m_c="0.000000" m_d="0.830492" m_tx="-83.144302" m_ty="22.080320"/>
  </frame>
  <frame idx="325" w="230" h="333" x="4.122772" y="-88.452545">
   <element name="mutator_spider_leader" layername="mutator_spider_leader" frame="0" z_index="1" m_a="0.830492" m_b="0.000000" m_c="0.000000" m_d="0.830492" m_tx="-83.144302" m_ty="22.080320"/>
  </frame>
  <frame idx="350" w="230" h="333" x="4.122772" y="-88.452545">
   <element name="mutator_spider_leader" layername="mutator_spider_leader" frame="0" z_index="1" m_a="0.830492" m_b="0.000000" m_c="0.000000" m_d="0.830492" m_tx="-83.144302" m_ty="22.080320"/>
  </frame>
  <frame idx="375" w="230" h="333" x="4.122772" y="-88.452545">
   <element name="mutator_spider_leader" layername="mutator_spider_leader" frame="0" z_index="1" m_a="0.830492" m_b="0.000000" m_c="0.000000" m_d="0.830492" m_tx="-83.144302" m_ty="22.080320"/>
  </frame>
  <frame idx="400" w="230" h="333" x="4.122772" y="-88.452545">
   <element name="mutator_spider_leader" layername="mutator_spider_leader" frame="0" z_index="1" m_a="0.830492" m_b="0.000000" m_c="0.000000" m_d="0.830492" m_tx="-83.144302" m_ty="22.080320"/>
  </frame>
  <frame idx="425" w="230" h="333" x="4.122772" y="-88.452545">
   <element name="mutator_spider_leader" layername="mutator_spider_leader" frame="0" z_index="1" m_a="0.830492" m_b="0.000000" m_c="0.000000" m_d="0.830492" m_tx="-83.144302" m_ty="22.080320"/>
  </frame>
  <frame idx="450" w="230" h="333" x="4.122772" y="-88.452545">
   <element name="mutator_spider_leader" layername="mutator_spider_leader" frame="0" z_index="1" m_a="0.830492" m_b="0.000000" m_c="0.000000" m_d="0.830492" m_tx="-83.144302" m_ty="22.080320"/>
  </frame>
  <frame idx="475" w="230" h="333" x="4.122772" y="-88.452545">
   <element name="mutator_spider_leader" layername="mutator_spider_leader" frame="0" z_index="1" m_a="0.830492" m_b="0.000000" m_c="0.000000" m_d="0.830492" m_tx="-83.144302" m_ty="22.080320"/>
  </frame>
  <frame idx="500" w="230" h="333" x="4.122772" y="-88.452545">
   <element name="mutator_spider_leader" layername="mutator_spider_leader" frame="0" z_index="1" m_a="0.830492" m_b="0.000000" m_c="0.000000" m_d="0.830492" m_tx="-83.144302" m_ty="22.080320"/>
  </frame>
  <frame idx="525" w="230" h="333" x="4.122772" y="-88.452545">
   <element name="mutator_spider_leader" layername="mutator_spider_leader" frame="0" z_index="1" m_a="0.830492" m_b="0.000000" m_c="0.000000" m_d="0.830492" m_tx="-83.144302" m_ty="22.080320"/>
  </frame>
  <frame idx="550" w="230" h="333" x="4.122772" y="-88.452545">
   <element name="mutator_spider_leader" layername="mutator_spider_leader" frame="0" z_index="1" m_a="0.830492" m_b="0.000000" m_c="0.000000" m_d="0.830492" m_tx="-83.144302" m_ty="22.080320"/>
  </frame>
  <frame idx="575" w="230" h="333" x="4.122772" y="-88.452545">
   <element name="mutator_spider_leader" layername="mutator_spider_leader" frame="0" z_index="1" m_a="0.830492" m_b="0.000000" m_c="0.000000" m_d="0.830492" m_tx="-83.144302" m_ty="22.080320"/>
  </frame>
  <frame idx="600" w="230" h="333" x="4.122772" y="-88.452545">
   <element name="mutator_spider_leader" layername="mutator_spider_leader" frame="0" z_index="1" m_a="0.830492" m_b="0.000000" m_c="0.000000" m_d="0.830492" m_tx="-83.144302" m_ty="22.080320"/>
  </frame>
  <frame idx="625" w="230" h="333" x="4.122772" y="-88.452545">
   <element name="mutator_spider_leader" layername="mutator_spider_leader" frame="0" z_index="1" m_a="0.830492" m_b="0.000000" m_c="0.000000" m_d="0.830492" m_tx="-83.144302" m_ty="22.080320"/>
  </frame>
  <frame idx="650" w="230" h="333" x="4.122772" y="-88.452545">
   <element name="mutator_spider_leader" layername="mutator_spider_leader" frame="0" z_index="1" m_a="0.830492" m_b="0.000000" m_c="0.000000" m_d="0.830492" m_tx="-83.144302" m_ty="22.080320"/>
  </frame>
  <frame idx="675" w="230" h="333" x="4.122772" y="-88.452545">
   <element name="mutator_spider_leader" layername="mutator_spider_leader" frame="0" z_index="1" m_a="0.830492" m_b="0.000000" m_c="0.000000" m_d="0.830492" m_tx="-83.144302" m_ty="22.080320"/>
  </frame>
  <frame idx="700" w="230" h="333" x="4.122772" y="-88.452545">
   <element name="mutator_spider_leader" layername="mutator_spider_leader" frame="0" z_index="1" m_a="0.830492" m_b="0.000000" m_c="0.000000" m_d="0.830492" m_tx="-83.144302" m_ty="22.080320"/>
  </frame>
  <frame idx="725" w="230" h="333" x="4.122772" y="-88.452545">
   <element name="mutator_spider_leader" layername="mutator_spider_leader" frame="0" z_index="1" m_a="0.830492" m_b="0.000000" m_c="0.000000" m_d="0.830492" m_tx="-83.144302" m_ty="22.080320"/>
  </frame>
  <frame idx="750" w="230" h="333" x="4.122772" y="-88.452545">
   <element name="mutator_spider_leader" layername="mutator_spider_leader" frame="0" z_index="1" m_a="0.830492" m_b="0.000000" m_c="0.000000" m_d="0.830492" m_tx="-83.144302" m_ty="22.080320"/>
  </frame>
  <frame idx="775" w="230" h="333" x="4.122772" y="-88.452545">
   <element name="mutator_spider_leader" layername="mutator_spider_leader" frame="0" z_index="1" m_a="0.830492" m_b="0.000000" m_c="0.000000" m_d="0.830492" m_tx="-83.144302" m_ty="22.080320"/>
  </frame>
  <frame idx="800" w="230" h="333" x="4.122772" y="-88.452545">
   <element name="mutator_spider_leader" layername="mutator_spider_leader" frame="0" z_index="1" m_a="0.830492" m_b="0.000000" m_c="0.000000" m_d="0.830492" m_tx="-83.144302" m_ty="22.080320"/>
  </frame>
  <frame idx="825" w="230" h="333" x="4.122772" y="-88.452545">
   <element name="mutator_spider_leader" layername="mutator_spider_leader" frame="0" z_index="1" m_a="0.830492" m_b="0.000000" m_c="0.000000" m_d="0.830492" m_tx="-83.144302" m_ty="22.080320"/>
  </frame>
  <frame idx="850" w="230" h="333" x="4.122772" y="-88.452545">
   <element name="mutator_spider_leader" layername="mutator_spider_leader" frame="0" z_index="1" m_a="0.830492" m_b="0.000000" m_c="0.000000" m_d="0.830492" m_tx="-83.144302" m_ty="22.080320"/>
  </frame>
  <frame idx="875" w="230" h="333" x="4.122772" y="-88.452545">
   <element name="mutator_spider_leader" layername="mutator_spider_leader" frame="0" z_index="1" m_a="0.830492" m_b="0.000000" m_c="0.000000" m_d="0.830492" m_tx="-83.144302" m_ty="22.080320"/>
  </frame>
  <frame idx="900" w="230" h="333" x="4.122772" y="-88.452545">
   <element name="mutator_spider_leader" layername="mutator_spider_leader" frame="0" z_index="1" m_a="0.830492" m_b="0.000000" m_c="0.000000" m_d="0.830492" m_tx="-83.144302" m_ty="22.080320"/>
  </frame>
  <frame idx="925" w="230" h="333" x="4.122772" y="-88.452545">
   <element name="mutator_spider_leader" layername="mutator_spider_leader" frame="0" z_index="1" m_a="0.830492" m_b="0.000000" m_c="0.000000" m_d="0.830492" m_tx="-83.144302" m_ty="22.080320"/>
  </frame>
  <frame idx="950" w="230" h="333" x="4.122772" y="-88.452545">
   <element name="mutator_spider_leader" layername="mutator_spider_leader" frame="0" z_index="1" m_a="0.830492" m_b="0.000000" m_c="0.000000" m_d="0.830492" m_tx="-83.144302" m_ty="22.080320"/>
  </frame>
  <frame idx="975" w="230" h="333" x="4.122772" y="-88.452545">
   <element name="mutator_spider_leader" layername="mutator_spider_leader" frame="0" z_index="1" m_a="0.830492" m_b="0.000000" m_c="0.000000" m_d="0.830492" m_tx="-83.144302" m_ty="22.080320"/>
  </frame>
 </anim>
</Anims>
