<Anims>
 <anim name="idle" root="spider_leader_whistle0" numframes="1000" framerate="40">
  <frame idx="0" w="247" h="253" x="32.000092" y="26.999893">
   <element name="spider_leader_whistle0" layername="spider_leader_whistl" frame="0" z_index="1" m_a="1.000000" m_b="0.000000" m_c="0.000000" m_d="1.000000" m_tx="-95.999916" m_ty="-101.000107"/>
  </frame>
  <frame idx="25" w="247" h="253" x="32.000092" y="26.999893">
   <element name="spider_leader_whistle0" layername="spider_leader_whistl" frame="0" z_index="1" m_a="1.000000" m_b="0.000000" m_c="0.000000" m_d="1.000000" m_tx="-95.999916" m_ty="-101.000107"/>
  </frame>
  <frame idx="50" w="247" h="253" x="32.000092" y="26.999893">
   <element name="spider_leader_whistle0" layername="spider_leader_whistl" frame="0" z_index="1" m_a="1.000000" m_b="0.000000" m_c="0.000000" m_d="1.000000" m_tx="-95.999916" m_ty="-101.000107"/>
  </frame>
  <frame idx="75" w="247" h="253" x="32.000092" y="26.999893">
   <element name="spider_leader_whistle0" layername="spider_leader_whistl" frame="0" z_index="1" m_a="1.000000" m_b="0.000000" m_c="0.000000" m_d="1.000000" m_tx="-95.999916" m_ty="-101.000107"/>
  </frame>
  <frame idx="100" w="247" h="253" x="32.000092" y="26.999893">
   <element name="spider_leader_whistle0" layername="spider_leader_whistl" frame="0" z_index="1" m_a="1.000000" m_b="0.000000" m_c="0.000000" m_d="1.000000" m_tx="-95.999916" m_ty="-101.000107"/>
  </frame>
  <frame idx="125" w="247" h="253" x="32.000092" y="26.999893">
   <element name="spider_leader_whistle0" layername="spider_leader_whistl" frame="0" z_index="1" m_a="1.000000" m_b="0.000000" m_c="0.000000" m_d="1.000000" m_tx="-95.999916" m_ty="-101.000107"/>
  </frame>
  <frame idx="150" w="247" h="253" x="32.000092" y="26.999893">
   <element name="spider_leader_whistle0" layername="spider_leader_whistl" frame="0" z_index="1" m_a="1.000000" m_b="0.000000" m_c="0.000000" m_d="1.000000" m_tx="-95.999916" m_ty="-101.000107"/>
  </frame>
  <frame idx="175" w="247" h="253" x="32.000092" y="26.999893">
   <element name="spider_leader_whistle0" layername="spider_leader_whistl" frame="0" z_index="1" m_a="1.000000" m_b="0.000000" m_c="0.000000" m_d="1.000000" m_tx="-95.999916" m_ty="-101.000107"/>
  </frame>
  <frame idx="200" w="247" h="253" x="32.000092" y="26.999893">
   <element name="spider_leader_whistle0" layername="spider_leader_whistl" frame="0" z_index="1" m_a="1.000000" m_b="0.000000" m_c="0.000000" m_d="1.000000" m_tx="-95.999916" m_ty="-101.000107"/>
  </frame>
  <frame idx="225" w="247" h="253" x="32.000092" y="26.999893">
   <element name="spider_leader_whistle0" layername="spider_leader_whistl" frame="0" z_index="1" m_a="1.000000" m_b="0.000000" m_c="0.000000" m_d="1.000000" m_tx="-95.999916" m_ty="-101.000107"/>
  </frame>
  <frame idx="250" w="247" h="253" x="32.000092" y="26.999893">
   <element name="spider_leader_whistle0" layername="spider_leader_whistl" frame="0" z_index="1" m_a="1.000000" m_b="0.000000" m_c="0.000000" m_d="1.000000" m_tx="-95.999916" m_ty="-101.000107"/>
  </frame>
  <frame idx="275" w="247" h="253" x="32.000092" y="26.999893">
   <element name="spider_leader_whistle0" layername="spider_leader_whistl" frame="0" z_index="1" m_a="1.000000" m_b="0.000000" m_c="0.000000" m_d="1.000000" m_tx="-95.999916" m_ty="-101.000107"/>
  </frame>
  <frame idx="300" w="247" h="253" x="32.000092" y="26.999893">
   <element name="spider_leader_whistle0" layername="spider_leader_whistl" frame="0" z_index="1" m_a="1.000000" m_b="0.000000" m_c="0.000000" m_d="1.000000" m_tx="-95.999916" m_ty="-101.000107"/>
  </frame>
  <frame idx="325" w="247" h="253" x="32.000092" y="26.999893">
   <element name="spider_leader_whistle0" layername="spider_leader_whistl" frame="0" z_index="1" m_a="1.000000" m_b="0.000000" m_c="0.000000" m_d="1.000000" m_tx="-95.999916" m_ty="-101.000107"/>
  </frame>
  <frame idx="350" w="247" h="253" x="32.000092" y="26.999893">
   <element name="spider_leader_whistle0" layername="spider_leader_whistl" frame="0" z_index="1" m_a="1.000000" m_b="0.000000" m_c="0.000000" m_d="1.000000" m_tx="-95.999916" m_ty="-101.000107"/>
  </frame>
  <frame idx="375" w="247" h="253" x="32.000092" y="26.999893">
   <element name="spider_leader_whistle0" layername="spider_leader_whistl" frame="0" z_index="1" m_a="1.000000" m_b="0.000000" m_c="0.000000" m_d="1.000000" m_tx="-95.999916" m_ty="-101.000107"/>
  </frame>
  <frame idx="400" w="247" h="253" x="32.000092" y="26.999893">
   <element name="spider_leader_whistle0" layername="spider_leader_whistl" frame="0" z_index="1" m_a="1.000000" m_b="0.000000" m_c="0.000000" m_d="1.000000" m_tx="-95.999916" m_ty="-101.000107"/>
  </frame>
  <frame idx="425" w="247" h="253" x="32.000092" y="26.999893">
   <element name="spider_leader_whistle0" layername="spider_leader_whistl" frame="0" z_index="1" m_a="1.000000" m_b="0.000000" m_c="0.000000" m_d="1.000000" m_tx="-95.999916" m_ty="-101.000107"/>
  </frame>
  <frame idx="450" w="247" h="253" x="32.000092" y="26.999893">
   <element name="spider_leader_whistle0" layername="spider_leader_whistl" frame="0" z_index="1" m_a="1.000000" m_b="0.000000" m_c="0.000000" m_d="1.000000" m_tx="-95.999916" m_ty="-101.000107"/>
  </frame>
  <frame idx="475" w="247" h="253" x="32.000092" y="26.999893">
   <element name="spider_leader_whistle0" layername="spider_leader_whistl" frame="0" z_index="1" m_a="1.000000" m_b="0.000000" m_c="0.000000" m_d="1.000000" m_tx="-95.999916" m_ty="-101.000107"/>
  </frame>
  <frame idx="500" w="247" h="253" x="32.000092" y="26.999893">
   <element name="spider_leader_whistle0" layername="spider_leader_whistl" frame="0" z_index="1" m_a="1.000000" m_b="0.000000" m_c="0.000000" m_d="1.000000" m_tx="-95.999916" m_ty="-101.000107"/>
  </frame>
  <frame idx="525" w="247" h="253" x="32.000092" y="26.999893">
   <element name="spider_leader_whistle0" layername="spider_leader_whistl" frame="0" z_index="1" m_a="1.000000" m_b="0.000000" m_c="0.000000" m_d="1.000000" m_tx="-95.999916" m_ty="-101.000107"/>
  </frame>
  <frame idx="550" w="247" h="253" x="32.000092" y="26.999893">
   <element name="spider_leader_whistle0" layername="spider_leader_whistl" frame="0" z_index="1" m_a="1.000000" m_b="0.000000" m_c="0.000000" m_d="1.000000" m_tx="-95.999916" m_ty="-101.000107"/>
  </frame>
  <frame idx="575" w="247" h="253" x="32.000092" y="26.999893">
   <element name="spider_leader_whistle0" layername="spider_leader_whistl" frame="0" z_index="1" m_a="1.000000" m_b="0.000000" m_c="0.000000" m_d="1.000000" m_tx="-95.999916" m_ty="-101.000107"/>
  </frame>
  <frame idx="600" w="247" h="253" x="32.000092" y="26.999893">
   <element name="spider_leader_whistle0" layername="spider_leader_whistl" frame="0" z_index="1" m_a="1.000000" m_b="0.000000" m_c="0.000000" m_d="1.000000" m_tx="-95.999916" m_ty="-101.000107"/>
  </frame>
  <frame idx="625" w="247" h="253" x="32.000092" y="26.999893">
   <element name="spider_leader_whistle0" layername="spider_leader_whistl" frame="0" z_index="1" m_a="1.000000" m_b="0.000000" m_c="0.000000" m_d="1.000000" m_tx="-95.999916" m_ty="-101.000107"/>
  </frame>
  <frame idx="650" w="247" h="253" x="32.000092" y="26.999893">
   <element name="spider_leader_whistle0" layername="spider_leader_whistl" frame="0" z_index="1" m_a="1.000000" m_b="0.000000" m_c="0.000000" m_d="1.000000" m_tx="-95.999916" m_ty="-101.000107"/>
  </frame>
  <frame idx="675" w="247" h="253" x="32.000092" y="26.999893">
   <element name="spider_leader_whistle0" layername="spider_leader_whistl" frame="0" z_index="1" m_a="1.000000" m_b="0.000000" m_c="0.000000" m_d="1.000000" m_tx="-95.999916" m_ty="-101.000107"/>
  </frame>
  <frame idx="700" w="247" h="253" x="32.000092" y="26.999893">
   <element name="spider_leader_whistle0" layername="spider_leader_whistl" frame="0" z_index="1" m_a="1.000000" m_b="0.000000" m_c="0.000000" m_d="1.000000" m_tx="-95.999916" m_ty="-101.000107"/>
  </frame>
  <frame idx="725" w="247" h="253" x="32.000092" y="26.999893">
   <element name="spider_leader_whistle0" layername="spider_leader_whistl" frame="0" z_index="1" m_a="1.000000" m_b="0.000000" m_c="0.000000" m_d="1.000000" m_tx="-95.999916" m_ty="-101.000107"/>
  </frame>
  <frame idx="750" w="247" h="253" x="32.000092" y="26.999893">
   <element name="spider_leader_whistle0" layername="spider_leader_whistl" frame="0" z_index="1" m_a="1.000000" m_b="0.000000" m_c="0.000000" m_d="1.000000" m_tx="-95.999916" m_ty="-101.000107"/>
  </frame>
  <frame idx="775" w="247" h="253" x="32.000092" y="26.999893">
   <element name="spider_leader_whistle0" layername="spider_leader_whistl" frame="0" z_index="1" m_a="1.000000" m_b="0.000000" m_c="0.000000" m_d="1.000000" m_tx="-95.999916" m_ty="-101.000107"/>
  </frame>
  <frame idx="800" w="247" h="253" x="32.000092" y="26.999893">
   <element name="spider_leader_whistle0" layername="spider_leader_whistl" frame="0" z_index="1" m_a="1.000000" m_b="0.000000" m_c="0.000000" m_d="1.000000" m_tx="-95.999916" m_ty="-101.000107"/>
  </frame>
  <frame idx="825" w="247" h="253" x="32.000092" y="26.999893">
   <element name="spider_leader_whistle0" layername="spider_leader_whistl" frame="0" z_index="1" m_a="1.000000" m_b="0.000000" m_c="0.000000" m_d="1.000000" m_tx="-95.999916" m_ty="-101.000107"/>
  </frame>
  <frame idx="850" w="247" h="253" x="32.000092" y="26.999893">
   <element name="spider_leader_whistle0" layername="spider_leader_whistl" frame="0" z_index="1" m_a="1.000000" m_b="0.000000" m_c="0.000000" m_d="1.000000" m_tx="-95.999916" m_ty="-101.000107"/>
  </frame>
  <frame idx="875" w="247" h="253" x="32.000092" y="26.999893">
   <element name="spider_leader_whistle0" layername="spider_leader_whistl" frame="0" z_index="1" m_a="1.000000" m_b="0.000000" m_c="0.000000" m_d="1.000000" m_tx="-95.999916" m_ty="-101.000107"/>
  </frame>
  <frame idx="900" w="247" h="253" x="32.000092" y="26.999893">
   <element name="spider_leader_whistle0" layername="spider_leader_whistl" frame="0" z_index="1" m_a="1.000000" m_b="0.000000" m_c="0.000000" m_d="1.000000" m_tx="-95.999916" m_ty="-101.000107"/>
  </frame>
  <frame idx="925" w="247" h="253" x="32.000092" y="26.999893">
   <element name="spider_leader_whistle0" layername="spider_leader_whistl" frame="0" z_index="1" m_a="1.000000" m_b="0.000000" m_c="0.000000" m_d="1.000000" m_tx="-95.999916" m_ty="-101.000107"/>
  </frame>
  <frame idx="950" w="247" h="253" x="32.000092" y="26.999893">
   <element name="spider_leader_whistle0" layername="spider_leader_whistl" frame="0" z_index="1" m_a="1.000000" m_b="0.000000" m_c="0.000000" m_d="1.000000" m_tx="-95.999916" m_ty="-101.000107"/>
  </frame>
  <frame idx="975" w="247" h="253" x="32.000092" y="26.999893">
   <element name="spider_leader_whistle0" layername="spider_leader_whistl" frame="0" z_index="1" m_a="1.000000" m_b="0.000000" m_c="0.000000" m_d="1.000000" m_tx="-95.999916" m_ty="-101.000107"/>
  </frame>
 </anim>
</Anims>
