<Anims>
 <anim name="defence" root="spell_icons_spider" numframes="25" framerate="40">
  <frame idx="0" w="154" h="392" x="-8.910095" y="-59.526642">
   <element name="mouseover" layername="mouseover" frame="0" z_index="86" m_a="0.804110" m_b="-0.000000" m_c="-0.000000" m_d="-0.825426" m_tx="-2.995108" m_ty="18.486305"/>
   <element name="frame_wendy" layername="frame_spider" frame="0" z_index="87" m_a="1.000000" m_b="0.000000" m_c="0.000000" m_d="1.000000" m_tx="0.000000" m_ty="0.000000"/>
   <element name="icon_wendy" layername="icon_wendy" frame="2" z_index="88" m_a="1.000000" m_b="0.000000" m_c="0.000000" m_d="1.000000" m_tx="1.000000" m_ty="9.000000"/>
   <element name="frame_wendy" layername="frame_spider" frame="1" z_index="89" m_a="1.000000" m_b="0.000000" m_c="0.000000" m_d="1.000000" m_tx="0.000000" m_ty="0.000000"/>
  </frame>
 </anim>
 <anim name="defence_cooldown" root="spell_icons_spider" numframes="25" framerate="40">
  <frame idx="0" w="241" h="450" x="-12.013168" y="-62.882813">
   <element name="mouseover" layername="mouseover" frame="0" z_index="86" m_a="1.000000" m_b="-0.000000" m_c="-0.000000" m_d="-1.000000" m_tx="-2.300000" m_ty="20.000000"/>
   <element name="frame_wendy" layername="frame_spider" frame="0" z_index="87" m_a="1.007379" m_b="0.000000" m_c="0.000000" m_d="1.006075" m_tx="0.000000" m_ty="-0.650000"/>
   <element name="icon_wendy" layername="icon_wendy" frame="2" z_index="88" m_a="1.049990" m_b="0.000000" m_c="0.000000" m_d="1.049990" m_tx="1.000000" m_ty="8.950000"/>
   <element name="frame_wendy" layername="frame_spider" frame="1" z_index="89" m_a="1.050480" m_b="0.000000" m_c="0.000000" m_d="1.050480" m_tx="0.000000" m_ty="-0.650000"/>
   <element name="frame_wendy_cooldown" layername="frame_cooldown" frame="1" z_index="85" m_a="0.191141" m_b="0.000000" m_c="0.000000" m_d="0.191141" m_tx="-115.229294" m_ty="-96.504150"/>
  </frame>
 </anim>
 <anim name="defence_focus" root="spell_icons_spider" numframes="325" framerate="40">
  <frame idx="0" w="161" h="443" x="-1.643799" y="-70.310593">
   <element name="mouseover" layername="mouseover" frame="0" z_index="86" m_a="1.000000" m_b="-0.000000" m_c="-0.000000" m_d="-1.000000" m_tx="-2.300000" m_ty="20.000000"/>
   <element name="frame_wendy" layername="frame_spider" frame="0" z_index="87" m_a="1.050480" m_b="0.000000" m_c="0.000000" m_d="1.050480" m_tx="0.000000" m_ty="-0.650000"/>
   <element name="icon_wendy" layername="icon_wendy" frame="2" z_index="88" m_a="1.049990" m_b="0.000000" m_c="0.000000" m_d="1.049990" m_tx="1.000000" m_ty="8.950000"/>
   <element name="frame_wendy" layername="frame_spider" frame="1" z_index="89" m_a="1.050480" m_b="0.000000" m_c="0.000000" m_d="1.050480" m_tx="0.000000" m_ty="-0.650000"/>
  </frame>
  <frame idx="25" w="161" h="443" x="-1.643799" y="-70.310593">
   <element name="mouseover" layername="mouseover" frame="0" z_index="86" m_a="1.000000" m_b="-0.000000" m_c="-0.000000" m_d="-1.000000" m_tx="-2.300000" m_ty="20.000000"/>
   <element name="frame_wendy" layername="frame_spider" frame="0" z_index="87" m_a="1.050480" m_b="0.000000" m_c="0.000000" m_d="1.050480" m_tx="0.000000" m_ty="-0.650000"/>
   <element name="icon_wendy" layername="icon_wendy" frame="2" z_index="88" m_a="1.049990" m_b="0.000000" m_c="0.000000" m_d="1.049990" m_tx="1.000000" m_ty="8.950000"/>
   <element name="frame_wendy" layername="frame_spider" frame="1" z_index="89" m_a="1.050480" m_b="0.000000" m_c="0.000000" m_d="1.050480" m_tx="0.000000" m_ty="-0.650000"/>
  </frame>
  <frame idx="50" w="161" h="443" x="-1.643799" y="-70.310593">
   <element name="mouseover" layername="mouseover" frame="0" z_index="86" m_a="1.000000" m_b="-0.000000" m_c="-0.000000" m_d="-1.000000" m_tx="-2.300000" m_ty="20.000000"/>
   <element name="frame_wendy" layername="frame_spider" frame="0" z_index="87" m_a="1.050480" m_b="0.000000" m_c="0.000000" m_d="1.050480" m_tx="0.000000" m_ty="-0.650000"/>
   <element name="icon_wendy" layername="icon_wendy" frame="2" z_index="88" m_a="1.049990" m_b="0.000000" m_c="0.000000" m_d="1.049990" m_tx="1.000000" m_ty="8.950000"/>
   <element name="frame_wendy" layername="frame_spider" frame="1" z_index="89" m_a="1.050480" m_b="0.000000" m_c="0.000000" m_d="1.050480" m_tx="0.000000" m_ty="-0.650000"/>
  </frame>
  <frame idx="75" w="161" h="443" x="-1.643799" y="-70.310593">
   <element name="mouseover" layername="mouseover" frame="0" z_index="86" m_a="1.000000" m_b="-0.000000" m_c="-0.000000" m_d="-1.000000" m_tx="-2.300000" m_ty="20.000000"/>
   <element name="frame_wendy" layername="frame_spider" frame="0" z_index="87" m_a="1.050480" m_b="0.000000" m_c="0.000000" m_d="1.050480" m_tx="0.000000" m_ty="-0.650000"/>
   <element name="icon_wendy" layername="icon_wendy" frame="2" z_index="88" m_a="1.049990" m_b="0.000000" m_c="0.000000" m_d="1.049990" m_tx="1.000000" m_ty="8.950000"/>
   <element name="frame_wendy" layername="frame_spider" frame="1" z_index="89" m_a="1.050480" m_b="0.000000" m_c="0.000000" m_d="1.050480" m_tx="0.000000" m_ty="-0.650000"/>
  </frame>
  <frame idx="100" w="161" h="443" x="-1.643799" y="-70.310593">
   <element name="mouseover" layername="mouseover" frame="0" z_index="86" m_a="1.000000" m_b="-0.000000" m_c="-0.000000" m_d="-1.000000" m_tx="-2.300000" m_ty="20.000000"/>
   <element name="frame_wendy" layername="frame_spider" frame="0" z_index="87" m_a="1.050480" m_b="0.000000" m_c="0.000000" m_d="1.050480" m_tx="0.000000" m_ty="-0.650000"/>
   <element name="icon_wendy" layername="icon_wendy" frame="2" z_index="88" m_a="1.049990" m_b="0.000000" m_c="0.000000" m_d="1.049990" m_tx="1.000000" m_ty="8.950000"/>
   <element name="frame_wendy" layername="frame_spider" frame="1" z_index="89" m_a="1.050480" m_b="0.000000" m_c="0.000000" m_d="1.050480" m_tx="0.000000" m_ty="-0.650000"/>
  </frame>
  <frame idx="125" w="161" h="443" x="-1.643799" y="-70.310593">
   <element name="mouseover" layername="mouseover" frame="0" z_index="86" m_a="1.000000" m_b="-0.000000" m_c="-0.000000" m_d="-1.000000" m_tx="-2.300000" m_ty="20.000000"/>
   <element name="frame_wendy" layername="frame_spider" frame="0" z_index="87" m_a="1.050480" m_b="0.000000" m_c="0.000000" m_d="1.050480" m_tx="0.000000" m_ty="-0.650000"/>
   <element name="icon_wendy" layername="icon_wendy" frame="2" z_index="88" m_a="1.049990" m_b="0.000000" m_c="0.000000" m_d="1.049990" m_tx="1.000000" m_ty="8.950000"/>
   <element name="frame_wendy" layername="frame_spider" frame="1" z_index="89" m_a="1.050480" m_b="0.000000" m_c="0.000000" m_d="1.050480" m_tx="0.000000" m_ty="-0.650000"/>
  </frame>
  <frame idx="150" w="161" h="443" x="-1.643799" y="-70.310593">
   <element name="mouseover" layername="mouseover" frame="0" z_index="86" m_a="1.000000" m_b="-0.000000" m_c="-0.000000" m_d="-1.000000" m_tx="-2.300000" m_ty="20.000000"/>
   <element name="frame_wendy" layername="frame_spider" frame="0" z_index="87" m_a="1.050480" m_b="0.000000" m_c="0.000000" m_d="1.050480" m_tx="0.000000" m_ty="-0.650000"/>
   <element name="icon_wendy" layername="icon_wendy" frame="2" z_index="88" m_a="1.049990" m_b="0.000000" m_c="0.000000" m_d="1.049990" m_tx="1.000000" m_ty="8.950000"/>
   <element name="frame_wendy" layername="frame_spider" frame="1" z_index="89" m_a="1.050480" m_b="0.000000" m_c="0.000000" m_d="1.050480" m_tx="0.000000" m_ty="-0.650000"/>
  </frame>
  <frame idx="175" w="161" h="443" x="-1.643799" y="-70.310593">
   <element name="mouseover" layername="mouseover" frame="0" z_index="86" m_a="1.000000" m_b="-0.000000" m_c="-0.000000" m_d="-1.000000" m_tx="-2.300000" m_ty="20.000000"/>
   <element name="frame_wendy" layername="frame_spider" frame="0" z_index="87" m_a="1.050480" m_b="0.000000" m_c="0.000000" m_d="1.050480" m_tx="0.000000" m_ty="-0.650000"/>
   <element name="icon_wendy" layername="icon_wendy" frame="2" z_index="88" m_a="1.049990" m_b="0.000000" m_c="0.000000" m_d="1.049990" m_tx="1.000000" m_ty="8.950000"/>
   <element name="frame_wendy" layername="frame_spider" frame="1" z_index="89" m_a="1.050480" m_b="0.000000" m_c="0.000000" m_d="1.050480" m_tx="0.000000" m_ty="-0.650000"/>
  </frame>
  <frame idx="200" w="161" h="443" x="-1.643799" y="-70.310593">
   <element name="mouseover" layername="mouseover" frame="0" z_index="86" m_a="1.000000" m_b="-0.000000" m_c="-0.000000" m_d="-1.000000" m_tx="-2.300000" m_ty="20.000000"/>
   <element name="frame_wendy" layername="frame_spider" frame="0" z_index="87" m_a="1.050480" m_b="0.000000" m_c="0.000000" m_d="1.050480" m_tx="0.000000" m_ty="-0.650000"/>
   <element name="icon_wendy" layername="icon_wendy" frame="2" z_index="88" m_a="1.049990" m_b="0.000000" m_c="0.000000" m_d="1.049990" m_tx="1.000000" m_ty="8.950000"/>
   <element name="frame_wendy" layername="frame_spider" frame="1" z_index="89" m_a="1.050480" m_b="0.000000" m_c="0.000000" m_d="1.050480" m_tx="0.000000" m_ty="-0.650000"/>
  </frame>
  <frame idx="225" w="161" h="443" x="-1.643799" y="-70.310593">
   <element name="mouseover" layername="mouseover" frame="0" z_index="86" m_a="1.000000" m_b="-0.000000" m_c="-0.000000" m_d="-1.000000" m_tx="-2.300000" m_ty="20.000000"/>
   <element name="frame_wendy" layername="frame_spider" frame="0" z_index="87" m_a="1.050480" m_b="0.000000" m_c="0.000000" m_d="1.050480" m_tx="0.000000" m_ty="-0.650000"/>
   <element name="icon_wendy" layername="icon_wendy" frame="2" z_index="88" m_a="1.049990" m_b="0.000000" m_c="0.000000" m_d="1.049990" m_tx="1.000000" m_ty="8.950000"/>
   <element name="frame_wendy" layername="frame_spider" frame="1" z_index="89" m_a="1.050480" m_b="0.000000" m_c="0.000000" m_d="1.050480" m_tx="0.000000" m_ty="-0.650000"/>
  </frame>
  <frame idx="250" w="161" h="443" x="-1.643799" y="-70.310593">
   <element name="mouseover" layername="mouseover" frame="0" z_index="86" m_a="1.000000" m_b="-0.000000" m_c="-0.000000" m_d="-1.000000" m_tx="-2.300000" m_ty="20.000000"/>
   <element name="frame_wendy" layername="frame_spider" frame="0" z_index="87" m_a="1.050480" m_b="0.000000" m_c="0.000000" m_d="1.050480" m_tx="0.000000" m_ty="-0.650000"/>
   <element name="icon_wendy" layername="icon_wendy" frame="2" z_index="88" m_a="1.049990" m_b="0.000000" m_c="0.000000" m_d="1.049990" m_tx="1.000000" m_ty="8.950000"/>
   <element name="frame_wendy" layername="frame_spider" frame="1" z_index="89" m_a="1.050480" m_b="0.000000" m_c="0.000000" m_d="1.050480" m_tx="0.000000" m_ty="-0.650000"/>
  </frame>
  <frame idx="275" w="161" h="443" x="-1.643799" y="-70.310593">
   <element name="mouseover" layername="mouseover" frame="0" z_index="86" m_a="1.000000" m_b="-0.000000" m_c="-0.000000" m_d="-1.000000" m_tx="-2.300000" m_ty="20.000000"/>
   <element name="frame_wendy" layername="frame_spider" frame="0" z_index="87" m_a="1.050480" m_b="0.000000" m_c="0.000000" m_d="1.050480" m_tx="0.000000" m_ty="-0.650000"/>
   <element name="icon_wendy" layername="icon_wendy" frame="2" z_index="88" m_a="1.049990" m_b="0.000000" m_c="0.000000" m_d="1.049990" m_tx="1.000000" m_ty="8.950000"/>
   <element name="frame_wendy" layername="frame_spider" frame="1" z_index="89" m_a="1.050480" m_b="0.000000" m_c="0.000000" m_d="1.050480" m_tx="0.000000" m_ty="-0.650000"/>
  </frame>
  <frame idx="300" w="161" h="443" x="-1.643799" y="-70.310593">
   <element name="mouseover" layername="mouseover" frame="0" z_index="86" m_a="1.000000" m_b="-0.000000" m_c="-0.000000" m_d="-1.000000" m_tx="-2.300000" m_ty="20.000000"/>
   <element name="frame_wendy" layername="frame_spider" frame="0" z_index="87" m_a="1.050480" m_b="0.000000" m_c="0.000000" m_d="1.050480" m_tx="0.000000" m_ty="-0.650000"/>
   <element name="icon_wendy" layername="icon_wendy" frame="2" z_index="88" m_a="1.049990" m_b="0.000000" m_c="0.000000" m_d="1.049990" m_tx="1.000000" m_ty="8.950000"/>
   <element name="frame_wendy" layername="frame_spider" frame="1" z_index="89" m_a="1.050480" m_b="0.000000" m_c="0.000000" m_d="1.050480" m_tx="0.000000" m_ty="-0.650000"/>
  </frame>
 </anim>
 <anim name="defence_pressed" root="spell_icons_spider" numframes="25" framerate="40">
  <frame idx="0" w="161" h="433" x="-1.643799" y="-78.544891">
   <element name="mouseover" layername="mouseover" frame="0" z_index="86" m_a="1.000000" m_b="-0.000000" m_c="-0.000000" m_d="-1.000000" m_tx="-2.300000" m_ty="20.000000"/>
   <element name="frame_wendy" layername="frame_spider" frame="0" z_index="87" m_a="0.926544" m_b="0.000000" m_c="0.000000" m_d="0.926544" m_tx="-0.200000" m_ty="1.100000"/>
   <element name="icon_wendy" layername="icon_wendy" frame="2" z_index="88" m_a="0.899994" m_b="0.000000" m_c="0.000000" m_d="0.899994" m_tx="1.000000" m_ty="8.950000"/>
   <element name="frame_wendy" layername="frame_spider" frame="1" z_index="89" m_a="0.926544" m_b="0.000000" m_c="0.000000" m_d="0.926544" m_tx="-0.200000" m_ty="1.100000"/>
  </frame>
 </anim>
 <anim name="attack" root="spell_icons_spider" numframes="25" framerate="40">
  <frame idx="0" w="161" h="442" x="-1.643799" y="-71.226318">
   <element name="mouseover" layername="mouseover" frame="0" z_index="86" m_a="1.000000" m_b="-0.000000" m_c="-0.000000" m_d="-1.000000" m_tx="-2.300000" m_ty="20.000000"/>
   <element name="frame_wendy" layername="frame_spider" frame="0" z_index="87" m_a="1.000000" m_b="0.000000" m_c="0.000000" m_d="1.000000" m_tx="0.000000" m_ty="0.000000"/>
   <element name="icon_wendy" layername="icon_wendy" frame="3" z_index="88" m_a="1.000000" m_b="0.000000" m_c="0.000000" m_d="1.000000" m_tx="3.000000" m_ty="-1.000000"/>
   <element name="frame_wendy" layername="frame_spider" frame="1" z_index="89" m_a="1.050480" m_b="0.000000" m_c="0.000000" m_d="1.050480" m_tx="0.000000" m_ty="-0.650000"/>
  </frame>
 </anim>
 <anim name="recover" root="spell_icons_spider" numframes="25" framerate="40">
  <frame idx="0" w="161" h="442" x="-1.643799" y="-71.226318">
   <element name="mouseover" layername="mouseover" frame="0" z_index="87" m_a="1.000000" m_b="-0.000000" m_c="-0.000000" m_d="-1.000000" m_tx="-2.300000" m_ty="20.000000"/>
   <element name="frame_wendy" layername="frame_spider" frame="0" z_index="88" m_a="1.000000" m_b="0.000000" m_c="0.000000" m_d="1.000000" m_tx="0.000000" m_ty="0.000000"/>
   <element name="frame_wendy" layername="frame_spider" frame="1" z_index="89" m_a="1.050480" m_b="0.000000" m_c="0.000000" m_d="1.050480" m_tx="0.000000" m_ty="-0.650000"/>
   <element name="icon_wendy" layername="icon_wendy-2" frame="5" z_index="86" m_a="1.390274" m_b="0.000000" m_c="0.000000" m_d="1.390274" m_tx="-47.266022" m_ty="-46.804733"/>
  </frame>
 </anim>
 <anim name="attack_cooldown" root="spell_icons_spider" numframes="25" framerate="40">
  <frame idx="0" w="241" h="450" x="-12.013168" y="-62.882813">
   <element name="mouseover" layername="mouseover" frame="0" z_index="86" m_a="1.000000" m_b="-0.000000" m_c="-0.000000" m_d="-1.000000" m_tx="-2.300000" m_ty="20.000000"/>
   <element name="frame_wendy" layername="frame_spider" frame="0" z_index="87" m_a="1.000000" m_b="0.000000" m_c="0.000000" m_d="1.000000" m_tx="0.000000" m_ty="0.000000"/>
   <element name="icon_wendy" layername="icon_wendy" frame="3" z_index="88" m_a="1.000000" m_b="0.000000" m_c="0.000000" m_d="1.000000" m_tx="3.000000" m_ty="-1.000000"/>
   <element name="frame_wendy" layername="frame_spider" frame="1" z_index="89" m_a="1.050480" m_b="0.000000" m_c="0.000000" m_d="1.050480" m_tx="0.000000" m_ty="-0.650000"/>
   <element name="frame_wendy_cooldown" layername="frame_cooldown" frame="1" z_index="85" m_a="0.191141" m_b="0.000000" m_c="0.000000" m_d="0.191141" m_tx="-115.229294" m_ty="-96.504150"/>
  </frame>
 </anim>
 <anim name="recover_cooldown" root="spell_icons_spider" numframes="25" framerate="40">
  <frame idx="0" w="241" h="450" x="-12.013168" y="-62.882813">
   <element name="mouseover" layername="mouseover" frame="0" z_index="87" m_a="1.000000" m_b="-0.000000" m_c="-0.000000" m_d="-1.000000" m_tx="-2.300000" m_ty="20.000000"/>
   <element name="frame_wendy" layername="frame_spider" frame="0" z_index="88" m_a="1.000000" m_b="0.000000" m_c="0.000000" m_d="1.000000" m_tx="0.000000" m_ty="0.000000"/>
   <element name="frame_wendy" layername="frame_spider" frame="1" z_index="89" m_a="1.050480" m_b="0.000000" m_c="0.000000" m_d="1.050480" m_tx="0.000000" m_ty="-0.650000"/>
   <element name="frame_wendy_cooldown" layername="frame_cooldown" frame="1" z_index="85" m_a="0.191141" m_b="0.000000" m_c="0.000000" m_d="0.191141" m_tx="-115.229294" m_ty="-96.504150"/>
   <element name="icon_wendy" layername="icon_wendy-2" frame="5" z_index="86" m_a="1.390274" m_b="0.000000" m_c="0.000000" m_d="1.390274" m_tx="-47.266022" m_ty="-46.804733"/>
  </frame>
 </anim>
 <anim name="attack_focus" root="spell_icons_spider" numframes="325" framerate="40">
  <frame idx="0" w="161" h="443" x="-1.643799" y="-70.310593">
   <element name="mouseover" layername="mouseover" frame="0" z_index="86" m_a="1.000000" m_b="-0.000000" m_c="-0.000000" m_d="-1.000000" m_tx="-2.300000" m_ty="20.000000"/>
   <element name="frame_wendy" layername="frame_spider" frame="0" z_index="87" m_a="1.050480" m_b="0.000000" m_c="0.000000" m_d="1.050480" m_tx="0.000000" m_ty="-0.650000"/>
   <element name="icon_wendy" layername="icon_wendy" frame="3" z_index="88" m_a="1.049990" m_b="0.000000" m_c="0.000000" m_d="1.049990" m_tx="3.000000" m_ty="-0.950000"/>
   <element name="frame_wendy" layername="frame_spider" frame="1" z_index="89" m_a="1.050480" m_b="0.000000" m_c="0.000000" m_d="1.050480" m_tx="0.000000" m_ty="-0.650000"/>
  </frame>
  <frame idx="25" w="161" h="443" x="-1.643799" y="-70.310593">
   <element name="mouseover" layername="mouseover" frame="0" z_index="86" m_a="1.000000" m_b="-0.000000" m_c="-0.000000" m_d="-1.000000" m_tx="-2.300000" m_ty="20.000000"/>
   <element name="frame_wendy" layername="frame_spider" frame="0" z_index="87" m_a="1.050480" m_b="0.000000" m_c="0.000000" m_d="1.050480" m_tx="0.000000" m_ty="-0.650000"/>
   <element name="icon_wendy" layername="icon_wendy" frame="3" z_index="88" m_a="1.049990" m_b="0.000000" m_c="0.000000" m_d="1.049990" m_tx="3.000000" m_ty="-0.950000"/>
   <element name="frame_wendy" layername="frame_spider" frame="1" z_index="89" m_a="1.050480" m_b="0.000000" m_c="0.000000" m_d="1.050480" m_tx="0.000000" m_ty="-0.650000"/>
  </frame>
  <frame idx="50" w="161" h="443" x="-1.643799" y="-70.310593">
   <element name="mouseover" layername="mouseover" frame="0" z_index="86" m_a="1.000000" m_b="-0.000000" m_c="-0.000000" m_d="-1.000000" m_tx="-2.300000" m_ty="20.000000"/>
   <element name="frame_wendy" layername="frame_spider" frame="0" z_index="87" m_a="1.050480" m_b="0.000000" m_c="0.000000" m_d="1.050480" m_tx="0.000000" m_ty="-0.650000"/>
   <element name="icon_wendy" layername="icon_wendy" frame="3" z_index="88" m_a="1.049990" m_b="0.000000" m_c="0.000000" m_d="1.049990" m_tx="3.000000" m_ty="-0.950000"/>
   <element name="frame_wendy" layername="frame_spider" frame="1" z_index="89" m_a="1.050480" m_b="0.000000" m_c="0.000000" m_d="1.050480" m_tx="0.000000" m_ty="-0.650000"/>
  </frame>
  <frame idx="75" w="161" h="443" x="-1.643799" y="-70.310593">
   <element name="mouseover" layername="mouseover" frame="0" z_index="86" m_a="1.000000" m_b="-0.000000" m_c="-0.000000" m_d="-1.000000" m_tx="-2.300000" m_ty="20.000000"/>
   <element name="frame_wendy" layername="frame_spider" frame="0" z_index="87" m_a="1.050480" m_b="0.000000" m_c="0.000000" m_d="1.050480" m_tx="0.000000" m_ty="-0.650000"/>
   <element name="icon_wendy" layername="icon_wendy" frame="3" z_index="88" m_a="1.049990" m_b="0.000000" m_c="0.000000" m_d="1.049990" m_tx="3.000000" m_ty="-0.950000"/>
   <element name="frame_wendy" layername="frame_spider" frame="1" z_index="89" m_a="1.050480" m_b="0.000000" m_c="0.000000" m_d="1.050480" m_tx="0.000000" m_ty="-0.650000"/>
  </frame>
  <frame idx="100" w="161" h="443" x="-1.643799" y="-70.310593">
   <element name="mouseover" layername="mouseover" frame="0" z_index="86" m_a="1.000000" m_b="-0.000000" m_c="-0.000000" m_d="-1.000000" m_tx="-2.300000" m_ty="20.000000"/>
   <element name="frame_wendy" layername="frame_spider" frame="0" z_index="87" m_a="1.050480" m_b="0.000000" m_c="0.000000" m_d="1.050480" m_tx="0.000000" m_ty="-0.650000"/>
   <element name="icon_wendy" layername="icon_wendy" frame="3" z_index="88" m_a="1.049990" m_b="0.000000" m_c="0.000000" m_d="1.049990" m_tx="3.000000" m_ty="-0.950000"/>
   <element name="frame_wendy" layername="frame_spider" frame="1" z_index="89" m_a="1.050480" m_b="0.000000" m_c="0.000000" m_d="1.050480" m_tx="0.000000" m_ty="-0.650000"/>
  </frame>
  <frame idx="125" w="161" h="443" x="-1.643799" y="-70.310593">
   <element name="mouseover" layername="mouseover" frame="0" z_index="86" m_a="1.000000" m_b="-0.000000" m_c="-0.000000" m_d="-1.000000" m_tx="-2.300000" m_ty="20.000000"/>
   <element name="frame_wendy" layername="frame_spider" frame="0" z_index="87" m_a="1.050480" m_b="0.000000" m_c="0.000000" m_d="1.050480" m_tx="0.000000" m_ty="-0.650000"/>
   <element name="icon_wendy" layername="icon_wendy" frame="3" z_index="88" m_a="1.049990" m_b="0.000000" m_c="0.000000" m_d="1.049990" m_tx="3.000000" m_ty="-0.950000"/>
   <element name="frame_wendy" layername="frame_spider" frame="1" z_index="89" m_a="1.050480" m_b="0.000000" m_c="0.000000" m_d="1.050480" m_tx="0.000000" m_ty="-0.650000"/>
  </frame>
  <frame idx="150" w="161" h="443" x="-1.643799" y="-70.310593">
   <element name="mouseover" layername="mouseover" frame="0" z_index="86" m_a="1.000000" m_b="-0.000000" m_c="-0.000000" m_d="-1.000000" m_tx="-2.300000" m_ty="20.000000"/>
   <element name="frame_wendy" layername="frame_spider" frame="0" z_index="87" m_a="1.050480" m_b="0.000000" m_c="0.000000" m_d="1.050480" m_tx="0.000000" m_ty="-0.650000"/>
   <element name="icon_wendy" layername="icon_wendy" frame="3" z_index="88" m_a="1.049990" m_b="0.000000" m_c="0.000000" m_d="1.049990" m_tx="3.000000" m_ty="-0.950000"/>
   <element name="frame_wendy" layername="frame_spider" frame="1" z_index="89" m_a="1.050480" m_b="0.000000" m_c="0.000000" m_d="1.050480" m_tx="0.000000" m_ty="-0.650000"/>
  </frame>
  <frame idx="175" w="161" h="443" x="-1.643799" y="-70.310593">
   <element name="mouseover" layername="mouseover" frame="0" z_index="86" m_a="1.000000" m_b="-0.000000" m_c="-0.000000" m_d="-1.000000" m_tx="-2.300000" m_ty="20.000000"/>
   <element name="frame_wendy" layername="frame_spider" frame="0" z_index="87" m_a="1.050480" m_b="0.000000" m_c="0.000000" m_d="1.050480" m_tx="0.000000" m_ty="-0.650000"/>
   <element name="icon_wendy" layername="icon_wendy" frame="3" z_index="88" m_a="1.049990" m_b="0.000000" m_c="0.000000" m_d="1.049990" m_tx="3.000000" m_ty="-0.950000"/>
   <element name="frame_wendy" layername="frame_spider" frame="1" z_index="89" m_a="1.050480" m_b="0.000000" m_c="0.000000" m_d="1.050480" m_tx="0.000000" m_ty="-0.650000"/>
  </frame>
  <frame idx="200" w="161" h="443" x="-1.643799" y="-70.310593">
   <element name="mouseover" layername="mouseover" frame="0" z_index="86" m_a="1.000000" m_b="-0.000000" m_c="-0.000000" m_d="-1.000000" m_tx="-2.300000" m_ty="20.000000"/>
   <element name="frame_wendy" layername="frame_spider" frame="0" z_index="87" m_a="1.050480" m_b="0.000000" m_c="0.000000" m_d="1.050480" m_tx="0.000000" m_ty="-0.650000"/>
   <element name="icon_wendy" layername="icon_wendy" frame="3" z_index="88" m_a="1.049990" m_b="0.000000" m_c="0.000000" m_d="1.049990" m_tx="3.000000" m_ty="-0.950000"/>
   <element name="frame_wendy" layername="frame_spider" frame="1" z_index="89" m_a="1.050480" m_b="0.000000" m_c="0.000000" m_d="1.050480" m_tx="0.000000" m_ty="-0.650000"/>
  </frame>
  <frame idx="225" w="161" h="443" x="-1.643799" y="-70.310593">
   <element name="mouseover" layername="mouseover" frame="0" z_index="86" m_a="1.000000" m_b="-0.000000" m_c="-0.000000" m_d="-1.000000" m_tx="-2.300000" m_ty="20.000000"/>
   <element name="frame_wendy" layername="frame_spider" frame="0" z_index="87" m_a="1.050480" m_b="0.000000" m_c="0.000000" m_d="1.050480" m_tx="0.000000" m_ty="-0.650000"/>
   <element name="icon_wendy" layername="icon_wendy" frame="3" z_index="88" m_a="1.049990" m_b="0.000000" m_c="0.000000" m_d="1.049990" m_tx="3.000000" m_ty="-0.950000"/>
   <element name="frame_wendy" layername="frame_spider" frame="1" z_index="89" m_a="1.050480" m_b="0.000000" m_c="0.000000" m_d="1.050480" m_tx="0.000000" m_ty="-0.650000"/>
  </frame>
  <frame idx="250" w="161" h="443" x="-1.643799" y="-70.310593">
   <element name="mouseover" layername="mouseover" frame="0" z_index="86" m_a="1.000000" m_b="-0.000000" m_c="-0.000000" m_d="-1.000000" m_tx="-2.300000" m_ty="20.000000"/>
   <element name="frame_wendy" layername="frame_spider" frame="0" z_index="87" m_a="1.050480" m_b="0.000000" m_c="0.000000" m_d="1.050480" m_tx="0.000000" m_ty="-0.650000"/>
   <element name="icon_wendy" layername="icon_wendy" frame="3" z_index="88" m_a="1.049990" m_b="0.000000" m_c="0.000000" m_d="1.049990" m_tx="3.000000" m_ty="-0.950000"/>
   <element name="frame_wendy" layername="frame_spider" frame="1" z_index="89" m_a="1.050480" m_b="0.000000" m_c="0.000000" m_d="1.050480" m_tx="0.000000" m_ty="-0.650000"/>
  </frame>
  <frame idx="275" w="161" h="443" x="-1.643799" y="-70.310593">
   <element name="mouseover" layername="mouseover" frame="0" z_index="86" m_a="1.000000" m_b="-0.000000" m_c="-0.000000" m_d="-1.000000" m_tx="-2.300000" m_ty="20.000000"/>
   <element name="frame_wendy" layername="frame_spider" frame="0" z_index="87" m_a="1.050480" m_b="0.000000" m_c="0.000000" m_d="1.050480" m_tx="0.000000" m_ty="-0.650000"/>
   <element name="icon_wendy" layername="icon_wendy" frame="3" z_index="88" m_a="1.049990" m_b="0.000000" m_c="0.000000" m_d="1.049990" m_tx="3.000000" m_ty="-0.950000"/>
   <element name="frame_wendy" layername="frame_spider" frame="1" z_index="89" m_a="1.050480" m_b="0.000000" m_c="0.000000" m_d="1.050480" m_tx="0.000000" m_ty="-0.650000"/>
  </frame>
  <frame idx="300" w="161" h="443" x="-1.643799" y="-70.310593">
   <element name="mouseover" layername="mouseover" frame="0" z_index="86" m_a="1.000000" m_b="-0.000000" m_c="-0.000000" m_d="-1.000000" m_tx="-2.300000" m_ty="20.000000"/>
   <element name="frame_wendy" layername="frame_spider" frame="0" z_index="87" m_a="1.050480" m_b="0.000000" m_c="0.000000" m_d="1.050480" m_tx="0.000000" m_ty="-0.650000"/>
   <element name="icon_wendy" layername="icon_wendy" frame="3" z_index="88" m_a="1.049990" m_b="0.000000" m_c="0.000000" m_d="1.049990" m_tx="3.000000" m_ty="-0.950000"/>
   <element name="frame_wendy" layername="frame_spider" frame="1" z_index="89" m_a="1.050480" m_b="0.000000" m_c="0.000000" m_d="1.050480" m_tx="0.000000" m_ty="-0.650000"/>
  </frame>
 </anim>
 <anim name="recover_focus" root="spell_icons_spider" numframes="325" framerate="40">
  <frame idx="0" w="161" h="439" x="-1.643799" y="-69.508438">
   <element name="mouseover" layername="mouseover" frame="0" z_index="87" m_a="1.000000" m_b="-0.000000" m_c="-0.000000" m_d="-1.000000" m_tx="-2.300000" m_ty="21.604279"/>
   <element name="frame_wendy" layername="frame_spider" frame="0" z_index="88" m_a="1.050480" m_b="0.000000" m_c="0.000000" m_d="1.050480" m_tx="0.000000" m_ty="-0.650000"/>
   <element name="frame_wendy" layername="frame_spider" frame="1" z_index="89" m_a="1.050480" m_b="0.000000" m_c="0.000000" m_d="1.050480" m_tx="0.000000" m_ty="-0.650000"/>
   <element name="icon_wendy" layername="icon_wendy-2" frame="5" z_index="86" m_a="1.390274" m_b="0.000000" m_c="0.000000" m_d="1.390274" m_tx="-47.266022" m_ty="-46.804733"/>
  </frame>
  <frame idx="25" w="161" h="442" x="-1.643799" y="-70.098251">
   <element name="mouseover" layername="mouseover" frame="0" z_index="87" m_a="1.000000" m_b="-0.000000" m_c="-0.000000" m_d="-1.000000" m_tx="-2.300000" m_ty="20.424662"/>
   <element name="frame_wendy" layername="frame_spider" frame="0" z_index="88" m_a="1.050480" m_b="0.000000" m_c="0.000000" m_d="1.050480" m_tx="0.000000" m_ty="-0.650000"/>
   <element name="frame_wendy" layername="frame_spider" frame="1" z_index="89" m_a="1.050480" m_b="0.000000" m_c="0.000000" m_d="1.050480" m_tx="0.000000" m_ty="-0.650000"/>
   <element name="icon_wendy" layername="icon_wendy-2" frame="5" z_index="86" m_a="1.390274" m_b="0.000000" m_c="0.000000" m_d="1.390274" m_tx="-47.266022" m_ty="-46.804733"/>
  </frame>
  <frame idx="50" w="161" h="443" x="-1.643799" y="-70.310593">
   <element name="mouseover" layername="mouseover" frame="0" z_index="87" m_a="1.000000" m_b="-0.000000" m_c="-0.000000" m_d="-1.000000" m_tx="-2.300000" m_ty="20.000000"/>
   <element name="frame_wendy" layername="frame_spider" frame="0" z_index="88" m_a="1.050480" m_b="0.000000" m_c="0.000000" m_d="1.050480" m_tx="0.000000" m_ty="-0.650000"/>
   <element name="frame_wendy" layername="frame_spider" frame="1" z_index="89" m_a="1.050480" m_b="0.000000" m_c="0.000000" m_d="1.050480" m_tx="0.000000" m_ty="-0.650000"/>
   <element name="icon_wendy" layername="icon_wendy-2" frame="5" z_index="86" m_a="1.390274" m_b="0.000000" m_c="0.000000" m_d="1.390274" m_tx="-47.266022" m_ty="-46.804733"/>
  </frame>
  <frame idx="75" w="161" h="443" x="-1.643799" y="-70.310593">
   <element name="mouseover" layername="mouseover" frame="0" z_index="87" m_a="1.000000" m_b="-0.000000" m_c="-0.000000" m_d="-1.000000" m_tx="-2.300000" m_ty="20.000000"/>
   <element name="frame_wendy" layername="frame_spider" frame="0" z_index="88" m_a="1.050480" m_b="0.000000" m_c="0.000000" m_d="1.050480" m_tx="0.000000" m_ty="-0.650000"/>
   <element name="frame_wendy" layername="frame_spider" frame="1" z_index="89" m_a="1.050480" m_b="0.000000" m_c="0.000000" m_d="1.050480" m_tx="0.000000" m_ty="-0.650000"/>
   <element name="icon_wendy" layername="icon_wendy-2" frame="5" z_index="86" m_a="1.390274" m_b="0.000000" m_c="0.000000" m_d="1.390274" m_tx="-47.266022" m_ty="-46.804733"/>
  </frame>
  <frame idx="100" w="161" h="443" x="-1.643799" y="-70.310593">
   <element name="mouseover" layername="mouseover" frame="0" z_index="87" m_a="1.000000" m_b="-0.000000" m_c="-0.000000" m_d="-1.000000" m_tx="-2.300000" m_ty="20.000000"/>
   <element name="frame_wendy" layername="frame_spider" frame="0" z_index="88" m_a="1.050480" m_b="0.000000" m_c="0.000000" m_d="1.050480" m_tx="0.000000" m_ty="-0.650000"/>
   <element name="frame_wendy" layername="frame_spider" frame="1" z_index="89" m_a="1.050480" m_b="0.000000" m_c="0.000000" m_d="1.050480" m_tx="0.000000" m_ty="-0.650000"/>
   <element name="icon_wendy" layername="icon_wendy-2" frame="5" z_index="86" m_a="1.390274" m_b="0.000000" m_c="0.000000" m_d="1.390274" m_tx="-47.266022" m_ty="-46.804733"/>
  </frame>
  <frame idx="125" w="161" h="443" x="-1.643799" y="-70.310593">
   <element name="mouseover" layername="mouseover" frame="0" z_index="87" m_a="1.000000" m_b="-0.000000" m_c="-0.000000" m_d="-1.000000" m_tx="-2.300000" m_ty="20.000000"/>
   <element name="frame_wendy" layername="frame_spider" frame="0" z_index="88" m_a="1.050480" m_b="0.000000" m_c="0.000000" m_d="1.050480" m_tx="0.000000" m_ty="-0.650000"/>
   <element name="frame_wendy" layername="frame_spider" frame="1" z_index="89" m_a="1.050480" m_b="0.000000" m_c="0.000000" m_d="1.050480" m_tx="0.000000" m_ty="-0.650000"/>
   <element name="icon_wendy" layername="icon_wendy-2" frame="5" z_index="86" m_a="1.390274" m_b="0.000000" m_c="0.000000" m_d="1.390274" m_tx="-47.266022" m_ty="-46.804733"/>
  </frame>
  <frame idx="150" w="161" h="443" x="-1.643799" y="-70.310593">
   <element name="mouseover" layername="mouseover" frame="0" z_index="87" m_a="1.000000" m_b="-0.000000" m_c="-0.000000" m_d="-1.000000" m_tx="-2.300000" m_ty="20.000000"/>
   <element name="frame_wendy" layername="frame_spider" frame="0" z_index="88" m_a="1.050480" m_b="0.000000" m_c="0.000000" m_d="1.050480" m_tx="0.000000" m_ty="-0.650000"/>
   <element name="frame_wendy" layername="frame_spider" frame="1" z_index="89" m_a="1.050480" m_b="0.000000" m_c="0.000000" m_d="1.050480" m_tx="0.000000" m_ty="-0.650000"/>
   <element name="icon_wendy" layername="icon_wendy-2" frame="5" z_index="86" m_a="1.390274" m_b="0.000000" m_c="0.000000" m_d="1.390274" m_tx="-47.266022" m_ty="-46.804733"/>
  </frame>
  <frame idx="175" w="161" h="443" x="-1.643799" y="-70.310593">
   <element name="mouseover" layername="mouseover" frame="0" z_index="87" m_a="1.000000" m_b="-0.000000" m_c="-0.000000" m_d="-1.000000" m_tx="-2.300000" m_ty="20.000000"/>
   <element name="frame_wendy" layername="frame_spider" frame="0" z_index="88" m_a="1.050480" m_b="0.000000" m_c="0.000000" m_d="1.050480" m_tx="0.000000" m_ty="-0.650000"/>
   <element name="frame_wendy" layername="frame_spider" frame="1" z_index="89" m_a="1.050480" m_b="0.000000" m_c="0.000000" m_d="1.050480" m_tx="0.000000" m_ty="-0.650000"/>
   <element name="icon_wendy" layername="icon_wendy-2" frame="5" z_index="86" m_a="1.390274" m_b="0.000000" m_c="0.000000" m_d="1.390274" m_tx="-47.266022" m_ty="-46.804733"/>
  </frame>
  <frame idx="200" w="161" h="443" x="-1.643799" y="-70.310593">
   <element name="mouseover" layername="mouseover" frame="0" z_index="87" m_a="1.000000" m_b="-0.000000" m_c="-0.000000" m_d="-1.000000" m_tx="-2.300000" m_ty="20.000000"/>
   <element name="frame_wendy" layername="frame_spider" frame="0" z_index="88" m_a="1.050480" m_b="0.000000" m_c="0.000000" m_d="1.050480" m_tx="0.000000" m_ty="-0.650000"/>
   <element name="frame_wendy" layername="frame_spider" frame="1" z_index="89" m_a="1.050480" m_b="0.000000" m_c="0.000000" m_d="1.050480" m_tx="0.000000" m_ty="-0.650000"/>
   <element name="icon_wendy" layername="icon_wendy-2" frame="5" z_index="86" m_a="1.390274" m_b="0.000000" m_c="0.000000" m_d="1.390274" m_tx="-47.266022" m_ty="-46.804733"/>
  </frame>
  <frame idx="225" w="161" h="443" x="-1.643799" y="-70.310593">
   <element name="mouseover" layername="mouseover" frame="0" z_index="87" m_a="1.000000" m_b="-0.000000" m_c="-0.000000" m_d="-1.000000" m_tx="-2.300000" m_ty="20.000000"/>
   <element name="frame_wendy" layername="frame_spider" frame="0" z_index="88" m_a="1.050480" m_b="0.000000" m_c="0.000000" m_d="1.050480" m_tx="0.000000" m_ty="-0.650000"/>
   <element name="frame_wendy" layername="frame_spider" frame="1" z_index="89" m_a="1.050480" m_b="0.000000" m_c="0.000000" m_d="1.050480" m_tx="0.000000" m_ty="-0.650000"/>
   <element name="icon_wendy" layername="icon_wendy-2" frame="5" z_index="86" m_a="1.390274" m_b="0.000000" m_c="0.000000" m_d="1.390274" m_tx="-47.266022" m_ty="-46.804733"/>
  </frame>
  <frame idx="250" w="161" h="443" x="-1.643799" y="-70.310593">
   <element name="mouseover" layername="mouseover" frame="0" z_index="87" m_a="1.000000" m_b="-0.000000" m_c="-0.000000" m_d="-1.000000" m_tx="-2.300000" m_ty="20.000000"/>
   <element name="frame_wendy" layername="frame_spider" frame="0" z_index="88" m_a="1.050480" m_b="0.000000" m_c="0.000000" m_d="1.050480" m_tx="0.000000" m_ty="-0.650000"/>
   <element name="frame_wendy" layername="frame_spider" frame="1" z_index="89" m_a="1.050480" m_b="0.000000" m_c="0.000000" m_d="1.050480" m_tx="0.000000" m_ty="-0.650000"/>
   <element name="icon_wendy" layername="icon_wendy-2" frame="5" z_index="86" m_a="1.390274" m_b="0.000000" m_c="0.000000" m_d="1.390274" m_tx="-47.266022" m_ty="-46.804733"/>
  </frame>
  <frame idx="275" w="161" h="443" x="-1.643799" y="-70.310593">
   <element name="mouseover" layername="mouseover" frame="0" z_index="87" m_a="1.000000" m_b="-0.000000" m_c="-0.000000" m_d="-1.000000" m_tx="-2.300000" m_ty="20.000000"/>
   <element name="frame_wendy" layername="frame_spider" frame="0" z_index="88" m_a="1.050480" m_b="0.000000" m_c="0.000000" m_d="1.050480" m_tx="0.000000" m_ty="-0.650000"/>
   <element name="frame_wendy" layername="frame_spider" frame="1" z_index="89" m_a="1.050480" m_b="0.000000" m_c="0.000000" m_d="1.050480" m_tx="0.000000" m_ty="-0.650000"/>
   <element name="icon_wendy" layername="icon_wendy-2" frame="5" z_index="86" m_a="1.390274" m_b="0.000000" m_c="0.000000" m_d="1.390274" m_tx="-47.266022" m_ty="-46.804733"/>
  </frame>
  <frame idx="300" w="161" h="443" x="-1.643799" y="-70.310593">
   <element name="mouseover" layername="mouseover" frame="0" z_index="87" m_a="1.000000" m_b="-0.000000" m_c="-0.000000" m_d="-1.000000" m_tx="-2.300000" m_ty="20.000000"/>
   <element name="frame_wendy" layername="frame_spider" frame="0" z_index="88" m_a="1.050480" m_b="0.000000" m_c="0.000000" m_d="1.050480" m_tx="0.000000" m_ty="-0.650000"/>
   <element name="frame_wendy" layername="frame_spider" frame="1" z_index="89" m_a="1.050480" m_b="0.000000" m_c="0.000000" m_d="1.050480" m_tx="0.000000" m_ty="-0.650000"/>
   <element name="icon_wendy" layername="icon_wendy-2" frame="5" z_index="86" m_a="1.390274" m_b="0.000000" m_c="0.000000" m_d="1.390274" m_tx="-47.266022" m_ty="-46.804733"/>
  </frame>
 </anim>
 <anim name="attack_pressed" root="spell_icons_spider" numframes="25" framerate="40">
  <frame idx="0" w="161" h="433" x="-1.643799" y="-78.544891">
   <element name="mouseover" layername="mouseover" frame="0" z_index="86" m_a="1.000000" m_b="-0.000000" m_c="-0.000000" m_d="-1.000000" m_tx="-2.300000" m_ty="20.000000"/>
   <element name="frame_wendy" layername="frame_spider" frame="0" z_index="87" m_a="0.926544" m_b="0.000000" m_c="0.000000" m_d="0.926544" m_tx="-0.200000" m_ty="1.100000"/>
   <element name="icon_wendy" layername="icon_wendy" frame="3" z_index="88" m_a="0.899994" m_b="0.000000" m_c="0.000000" m_d="0.899994" m_tx="3.000000" m_ty="-0.950000"/>
   <element name="frame_wendy" layername="frame_spider" frame="1" z_index="89" m_a="0.950480" m_b="0.000000" m_c="0.000000" m_d="0.950480" m_tx="0.000000" m_ty="-0.650000"/>
  </frame>
 </anim>
 <anim name="recover_pressed" root="spell_icons_spider" numframes="25" framerate="40">
  <frame idx="0" w="161" h="433" x="-1.643799" y="-78.544891">
   <element name="mouseover" layername="mouseover" frame="0" z_index="87" m_a="1.000000" m_b="-0.000000" m_c="-0.000000" m_d="-1.000000" m_tx="-2.300000" m_ty="20.000000"/>
   <element name="frame_wendy" layername="frame_spider" frame="0" z_index="88" m_a="0.926544" m_b="0.000000" m_c="0.000000" m_d="0.926544" m_tx="-0.200000" m_ty="1.100000"/>
   <element name="frame_wendy" layername="frame_spider" frame="1" z_index="89" m_a="0.950480" m_b="0.000000" m_c="0.000000" m_d="0.950480" m_tx="0.000000" m_ty="-0.650000"/>
   <element name="icon_wendy" layername="icon_wendy-2" frame="5" z_index="86" m_a="1.390274" m_b="0.000000" m_c="0.000000" m_d="1.390274" m_tx="-47.266022" m_ty="-46.804733"/>
  </frame>
 </anim>
 <anim name="frighten" root="spell_icons_spider" numframes="25" framerate="40">
  <frame idx="0" w="161" h="442" x="-1.643799" y="-71.226318">
   <element name="mouseover" layername="mouseover" frame="0" z_index="86" m_a="1.000000" m_b="-0.000000" m_c="-0.000000" m_d="-1.000000" m_tx="-2.300000" m_ty="20.000000"/>
   <element name="frame_wendy" layername="frame_spider" frame="0" z_index="87" m_a="1.000000" m_b="0.000000" m_c="0.000000" m_d="1.000000" m_tx="0.000000" m_ty="0.000000"/>
   <element name="icon_wendy" layername="icon_wendy" frame="1" z_index="88" m_a="1.000000" m_b="0.000000" m_c="0.000000" m_d="1.000000" m_tx="-2.000000" m_ty="-6.000000"/>
   <element name="frame_wendy" layername="frame_spider" frame="1" z_index="89" m_a="1.050480" m_b="0.000000" m_c="0.000000" m_d="1.050480" m_tx="0.000000" m_ty="-0.650000"/>
  </frame>
 </anim>
 <anim name="frighten_cooldown" root="spell_icons_spider" numframes="25" framerate="40">
  <frame idx="0" w="241" h="450" x="-12.013168" y="-62.882813">
   <element name="mouseover" layername="mouseover" frame="0" z_index="86" m_a="1.000000" m_b="-0.000000" m_c="-0.000000" m_d="-1.000000" m_tx="-2.300000" m_ty="20.000000"/>
   <element name="frame_wendy" layername="frame_spider" frame="0" z_index="87" m_a="1.000000" m_b="0.000000" m_c="0.000000" m_d="1.000000" m_tx="0.000000" m_ty="0.000000"/>
   <element name="icon_wendy" layername="icon_wendy" frame="1" z_index="88" m_a="1.000000" m_b="0.000000" m_c="0.000000" m_d="1.000000" m_tx="-2.000000" m_ty="-6.000000"/>
   <element name="frame_wendy" layername="frame_spider" frame="1" z_index="89" m_a="1.050480" m_b="0.000000" m_c="0.000000" m_d="1.050480" m_tx="0.000000" m_ty="-0.650000"/>
   <element name="frame_wendy_cooldown" layername="frame_cooldown" frame="1" z_index="85" m_a="0.191141" m_b="0.000000" m_c="0.000000" m_d="0.191141" m_tx="-115.229294" m_ty="-96.504150"/>
  </frame>
 </anim>
 <anim name="frighten_focus" root="spell_icons_spider" numframes="325" framerate="40">
  <frame idx="0" w="161" h="443" x="-1.643799" y="-70.310593">
   <element name="mouseover" layername="mouseover" frame="0" z_index="86" m_a="1.000000" m_b="-0.000000" m_c="-0.000000" m_d="-1.000000" m_tx="-2.300000" m_ty="20.000000"/>
   <element name="frame_wendy" layername="frame_spider" frame="0" z_index="87" m_a="1.050480" m_b="0.000000" m_c="0.000000" m_d="1.050480" m_tx="0.000000" m_ty="-0.650000"/>
   <element name="icon_wendy" layername="icon_wendy" frame="1" z_index="88" m_a="1.049990" m_b="0.000000" m_c="0.000000" m_d="1.049990" m_tx="-2.000000" m_ty="-6.950000"/>
   <element name="frame_wendy" layername="frame_spider" frame="1" z_index="89" m_a="1.050480" m_b="0.000000" m_c="0.000000" m_d="1.050480" m_tx="0.000000" m_ty="-0.650000"/>
  </frame>
  <frame idx="25" w="161" h="443" x="-1.643799" y="-70.310593">
   <element name="mouseover" layername="mouseover" frame="0" z_index="86" m_a="1.000000" m_b="-0.000000" m_c="-0.000000" m_d="-1.000000" m_tx="-2.300000" m_ty="20.000000"/>
   <element name="frame_wendy" layername="frame_spider" frame="0" z_index="87" m_a="1.050480" m_b="0.000000" m_c="0.000000" m_d="1.050480" m_tx="0.000000" m_ty="-0.650000"/>
   <element name="icon_wendy" layername="icon_wendy" frame="1" z_index="88" m_a="1.049990" m_b="0.000000" m_c="0.000000" m_d="1.049990" m_tx="-2.000000" m_ty="-6.950000"/>
   <element name="frame_wendy" layername="frame_spider" frame="1" z_index="89" m_a="1.050480" m_b="0.000000" m_c="0.000000" m_d="1.050480" m_tx="0.000000" m_ty="-0.650000"/>
  </frame>
  <frame idx="50" w="161" h="443" x="-1.643799" y="-70.310593">
   <element name="mouseover" layername="mouseover" frame="0" z_index="86" m_a="1.000000" m_b="-0.000000" m_c="-0.000000" m_d="-1.000000" m_tx="-2.300000" m_ty="20.000000"/>
   <element name="frame_wendy" layername="frame_spider" frame="0" z_index="87" m_a="1.050480" m_b="0.000000" m_c="0.000000" m_d="1.050480" m_tx="0.000000" m_ty="-0.650000"/>
   <element name="icon_wendy" layername="icon_wendy" frame="1" z_index="88" m_a="1.049990" m_b="0.000000" m_c="0.000000" m_d="1.049990" m_tx="-2.000000" m_ty="-6.950000"/>
   <element name="frame_wendy" layername="frame_spider" frame="1" z_index="89" m_a="1.050480" m_b="0.000000" m_c="0.000000" m_d="1.050480" m_tx="0.000000" m_ty="-0.650000"/>
  </frame>
  <frame idx="75" w="161" h="443" x="-1.643799" y="-70.310593">
   <element name="mouseover" layername="mouseover" frame="0" z_index="86" m_a="1.000000" m_b="-0.000000" m_c="-0.000000" m_d="-1.000000" m_tx="-2.300000" m_ty="20.000000"/>
   <element name="frame_wendy" layername="frame_spider" frame="0" z_index="87" m_a="1.050480" m_b="0.000000" m_c="0.000000" m_d="1.050480" m_tx="0.000000" m_ty="-0.650000"/>
   <element name="icon_wendy" layername="icon_wendy" frame="1" z_index="88" m_a="1.049990" m_b="0.000000" m_c="0.000000" m_d="1.049990" m_tx="-2.000000" m_ty="-6.950000"/>
   <element name="frame_wendy" layername="frame_spider" frame="1" z_index="89" m_a="1.050480" m_b="0.000000" m_c="0.000000" m_d="1.050480" m_tx="0.000000" m_ty="-0.650000"/>
  </frame>
  <frame idx="100" w="161" h="443" x="-1.643799" y="-70.310593">
   <element name="mouseover" layername="mouseover" frame="0" z_index="86" m_a="1.000000" m_b="-0.000000" m_c="-0.000000" m_d="-1.000000" m_tx="-2.300000" m_ty="20.000000"/>
   <element name="frame_wendy" layername="frame_spider" frame="0" z_index="87" m_a="1.050480" m_b="0.000000" m_c="0.000000" m_d="1.050480" m_tx="0.000000" m_ty="-0.650000"/>
   <element name="icon_wendy" layername="icon_wendy" frame="1" z_index="88" m_a="1.049990" m_b="0.000000" m_c="0.000000" m_d="1.049990" m_tx="-2.000000" m_ty="-6.950000"/>
   <element name="frame_wendy" layername="frame_spider" frame="1" z_index="89" m_a="1.050480" m_b="0.000000" m_c="0.000000" m_d="1.050480" m_tx="0.000000" m_ty="-0.650000"/>
  </frame>
  <frame idx="125" w="161" h="443" x="-1.643799" y="-70.310593">
   <element name="mouseover" layername="mouseover" frame="0" z_index="86" m_a="1.000000" m_b="-0.000000" m_c="-0.000000" m_d="-1.000000" m_tx="-2.300000" m_ty="20.000000"/>
   <element name="frame_wendy" layername="frame_spider" frame="0" z_index="87" m_a="1.050480" m_b="0.000000" m_c="0.000000" m_d="1.050480" m_tx="0.000000" m_ty="-0.650000"/>
   <element name="icon_wendy" layername="icon_wendy" frame="1" z_index="88" m_a="1.049990" m_b="0.000000" m_c="0.000000" m_d="1.049990" m_tx="-2.000000" m_ty="-6.950000"/>
   <element name="frame_wendy" layername="frame_spider" frame="1" z_index="89" m_a="1.050480" m_b="0.000000" m_c="0.000000" m_d="1.050480" m_tx="0.000000" m_ty="-0.650000"/>
  </frame>
  <frame idx="150" w="161" h="443" x="-1.643799" y="-70.310593">
   <element name="mouseover" layername="mouseover" frame="0" z_index="86" m_a="1.000000" m_b="-0.000000" m_c="-0.000000" m_d="-1.000000" m_tx="-2.300000" m_ty="20.000000"/>
   <element name="frame_wendy" layername="frame_spider" frame="0" z_index="87" m_a="1.050480" m_b="0.000000" m_c="0.000000" m_d="1.050480" m_tx="0.000000" m_ty="-0.650000"/>
   <element name="icon_wendy" layername="icon_wendy" frame="1" z_index="88" m_a="1.049990" m_b="0.000000" m_c="0.000000" m_d="1.049990" m_tx="-2.000000" m_ty="-6.950000"/>
   <element name="frame_wendy" layername="frame_spider" frame="1" z_index="89" m_a="1.050480" m_b="0.000000" m_c="0.000000" m_d="1.050480" m_tx="0.000000" m_ty="-0.650000"/>
  </frame>
  <frame idx="175" w="161" h="443" x="-1.643799" y="-70.310593">
   <element name="mouseover" layername="mouseover" frame="0" z_index="86" m_a="1.000000" m_b="-0.000000" m_c="-0.000000" m_d="-1.000000" m_tx="-2.300000" m_ty="20.000000"/>
   <element name="frame_wendy" layername="frame_spider" frame="0" z_index="87" m_a="1.050480" m_b="0.000000" m_c="0.000000" m_d="1.050480" m_tx="0.000000" m_ty="-0.650000"/>
   <element name="icon_wendy" layername="icon_wendy" frame="1" z_index="88" m_a="1.049990" m_b="0.000000" m_c="0.000000" m_d="1.049990" m_tx="-2.000000" m_ty="-6.950000"/>
   <element name="frame_wendy" layername="frame_spider" frame="1" z_index="89" m_a="1.050480" m_b="0.000000" m_c="0.000000" m_d="1.050480" m_tx="0.000000" m_ty="-0.650000"/>
  </frame>
  <frame idx="200" w="161" h="443" x="-1.643799" y="-70.310593">
   <element name="mouseover" layername="mouseover" frame="0" z_index="86" m_a="1.000000" m_b="-0.000000" m_c="-0.000000" m_d="-1.000000" m_tx="-2.300000" m_ty="20.000000"/>
   <element name="frame_wendy" layername="frame_spider" frame="0" z_index="87" m_a="1.050480" m_b="0.000000" m_c="0.000000" m_d="1.050480" m_tx="0.000000" m_ty="-0.650000"/>
   <element name="icon_wendy" layername="icon_wendy" frame="1" z_index="88" m_a="1.049990" m_b="0.000000" m_c="0.000000" m_d="1.049990" m_tx="-2.000000" m_ty="-6.950000"/>
   <element name="frame_wendy" layername="frame_spider" frame="1" z_index="89" m_a="1.050480" m_b="0.000000" m_c="0.000000" m_d="1.050480" m_tx="0.000000" m_ty="-0.650000"/>
  </frame>
  <frame idx="225" w="161" h="443" x="-1.643799" y="-70.310593">
   <element name="mouseover" layername="mouseover" frame="0" z_index="86" m_a="1.000000" m_b="-0.000000" m_c="-0.000000" m_d="-1.000000" m_tx="-2.300000" m_ty="20.000000"/>
   <element name="frame_wendy" layername="frame_spider" frame="0" z_index="87" m_a="1.050480" m_b="0.000000" m_c="0.000000" m_d="1.050480" m_tx="0.000000" m_ty="-0.650000"/>
   <element name="icon_wendy" layername="icon_wendy" frame="1" z_index="88" m_a="1.049990" m_b="0.000000" m_c="0.000000" m_d="1.049990" m_tx="-2.000000" m_ty="-6.950000"/>
   <element name="frame_wendy" layername="frame_spider" frame="1" z_index="89" m_a="1.050480" m_b="0.000000" m_c="0.000000" m_d="1.050480" m_tx="0.000000" m_ty="-0.650000"/>
  </frame>
  <frame idx="250" w="161" h="443" x="-1.643799" y="-70.310593">
   <element name="mouseover" layername="mouseover" frame="0" z_index="86" m_a="1.000000" m_b="-0.000000" m_c="-0.000000" m_d="-1.000000" m_tx="-2.300000" m_ty="20.000000"/>
   <element name="frame_wendy" layername="frame_spider" frame="0" z_index="87" m_a="1.050480" m_b="0.000000" m_c="0.000000" m_d="1.050480" m_tx="0.000000" m_ty="-0.650000"/>
   <element name="icon_wendy" layername="icon_wendy" frame="1" z_index="88" m_a="1.049990" m_b="0.000000" m_c="0.000000" m_d="1.049990" m_tx="-2.000000" m_ty="-6.950000"/>
   <element name="frame_wendy" layername="frame_spider" frame="1" z_index="89" m_a="1.050480" m_b="0.000000" m_c="0.000000" m_d="1.050480" m_tx="0.000000" m_ty="-0.650000"/>
  </frame>
  <frame idx="275" w="161" h="443" x="-1.643799" y="-70.310593">
   <element name="mouseover" layername="mouseover" frame="0" z_index="86" m_a="1.000000" m_b="-0.000000" m_c="-0.000000" m_d="-1.000000" m_tx="-2.300000" m_ty="20.000000"/>
   <element name="frame_wendy" layername="frame_spider" frame="0" z_index="87" m_a="1.050480" m_b="0.000000" m_c="0.000000" m_d="1.050480" m_tx="0.000000" m_ty="-0.650000"/>
   <element name="icon_wendy" layername="icon_wendy" frame="1" z_index="88" m_a="1.049990" m_b="0.000000" m_c="0.000000" m_d="1.049990" m_tx="-2.000000" m_ty="-6.950000"/>
   <element name="frame_wendy" layername="frame_spider" frame="1" z_index="89" m_a="1.050480" m_b="0.000000" m_c="0.000000" m_d="1.050480" m_tx="0.000000" m_ty="-0.650000"/>
  </frame>
  <frame idx="300" w="161" h="443" x="-1.643799" y="-70.310593">
   <element name="mouseover" layername="mouseover" frame="0" z_index="86" m_a="1.000000" m_b="-0.000000" m_c="-0.000000" m_d="-1.000000" m_tx="-2.300000" m_ty="20.000000"/>
   <element name="frame_wendy" layername="frame_spider" frame="0" z_index="87" m_a="1.050480" m_b="0.000000" m_c="0.000000" m_d="1.050480" m_tx="0.000000" m_ty="-0.650000"/>
   <element name="icon_wendy" layername="icon_wendy" frame="1" z_index="88" m_a="1.049990" m_b="0.000000" m_c="0.000000" m_d="1.049990" m_tx="-2.000000" m_ty="-6.950000"/>
   <element name="frame_wendy" layername="frame_spider" frame="1" z_index="89" m_a="1.050480" m_b="0.000000" m_c="0.000000" m_d="1.050480" m_tx="0.000000" m_ty="-0.650000"/>
  </frame>
 </anim>
 <anim name="frighten_pressed" root="spell_icons_spider" numframes="25" framerate="40">
  <frame idx="0" w="161" h="433" x="-1.643799" y="-78.544891">
   <element name="mouseover" layername="mouseover" frame="0" z_index="86" m_a="1.000000" m_b="-0.000000" m_c="-0.000000" m_d="-1.000000" m_tx="-2.300000" m_ty="20.000000"/>
   <element name="frame_wendy" layername="frame_spider" frame="0" z_index="87" m_a="0.926544" m_b="0.000000" m_c="0.000000" m_d="0.926544" m_tx="-0.200000" m_ty="1.100000"/>
   <element name="icon_wendy" layername="icon_wendy" frame="1" z_index="88" m_a="0.899994" m_b="0.000000" m_c="0.000000" m_d="0.899994" m_tx="-2.000000" m_ty="-6.950000"/>
   <element name="frame_wendy" layername="frame_spider" frame="1" z_index="89" m_a="0.950480" m_b="0.000000" m_c="0.000000" m_d="0.950480" m_tx="0.000000" m_ty="-0.650000"/>
  </frame>
 </anim>
 <anim name="finalfight" root="spell_icons_spider" numframes="25" framerate="40">
  <frame idx="0" w="161" h="442" x="-1.643799" y="-71.226318">
   <element name="mouseover" layername="mouseover" frame="0" z_index="86" m_a="1.000000" m_b="-0.000000" m_c="-0.000000" m_d="-1.000000" m_tx="-2.300000" m_ty="20.000000"/>
   <element name="frame_wendy" layername="frame_spider" frame="0" z_index="87" m_a="1.000000" m_b="0.000000" m_c="0.000000" m_d="1.000000" m_tx="0.000000" m_ty="0.000000"/>
   <element name="icon_wendy" layername="icon_wendy" frame="0" z_index="88" m_a="1.000000" m_b="0.000000" m_c="0.000000" m_d="1.000000" m_tx="-2.000000" m_ty="-2.000000"/>
   <element name="frame_wendy" layername="frame_spider" frame="1" z_index="89" m_a="1.050480" m_b="0.000000" m_c="0.000000" m_d="1.050480" m_tx="0.000000" m_ty="-0.650000"/>
  </frame>
 </anim>
 <anim name="finalfightlocked" root="spell_icons_spider" numframes="25" framerate="40">
  <frame idx="0" w="161" h="442" x="-1.643799" y="-71.226318">
   <element name="mouseover" layername="mouseover" frame="0" z_index="87" m_a="1.000000" m_b="-0.000000" m_c="-0.000000" m_d="-1.000000" m_tx="-2.300000" m_ty="20.000000"/>
   <element name="frame_wendy" layername="frame_spider" frame="0" z_index="88" m_a="1.000000" m_b="0.000000" m_c="0.000000" m_d="1.000000" m_tx="0.000000" m_ty="0.000000"/>
   <element name="frame_wendy" layername="frame_spider" frame="1" z_index="89" m_a="1.050480" m_b="0.000000" m_c="0.000000" m_d="1.050480" m_tx="0.000000" m_ty="-0.650000"/>
   <element name="icon_wendy" layername="icon_locked" frame="4" z_index="86" m_a="1.563315" m_b="0.000000" m_c="0.000000" m_d="1.563315" m_tx="-53.645832" m_ty="-57.812500"/>
  </frame>
 </anim>
 <anim name="finalfight_cooldown" root="spell_icons_spider" numframes="25" framerate="40">
  <frame idx="0" w="241" h="450" x="-12.013168" y="-62.882813">
   <element name="mouseover" layername="mouseover" frame="0" z_index="86" m_a="1.000000" m_b="-0.000000" m_c="-0.000000" m_d="-1.000000" m_tx="-2.300000" m_ty="20.000000"/>
   <element name="frame_wendy" layername="frame_spider" frame="0" z_index="87" m_a="1.000000" m_b="0.000000" m_c="0.000000" m_d="1.000000" m_tx="0.000000" m_ty="0.000000"/>
   <element name="icon_wendy" layername="icon_wendy" frame="0" z_index="88" m_a="1.000000" m_b="0.000000" m_c="0.000000" m_d="1.000000" m_tx="-2.000000" m_ty="-2.000000"/>
   <element name="frame_wendy" layername="frame_spider" frame="1" z_index="89" m_a="1.050480" m_b="0.000000" m_c="0.000000" m_d="1.050480" m_tx="0.000000" m_ty="-0.650000"/>
   <element name="frame_wendy_cooldown" layername="frame_cooldown" frame="1" z_index="85" m_a="0.191141" m_b="0.000000" m_c="0.000000" m_d="0.191141" m_tx="-115.229294" m_ty="-96.504150"/>
  </frame>
 </anim>
 <anim name="finalfight_focus" root="spell_icons_spider" numframes="325" framerate="40">
  <frame idx="0" w="161" h="443" x="-1.643799" y="-70.310593">
   <element name="mouseover" layername="mouseover" frame="0" z_index="86" m_a="1.000000" m_b="-0.000000" m_c="-0.000000" m_d="-1.000000" m_tx="-2.300000" m_ty="20.000000"/>
   <element name="frame_wendy" layername="frame_spider" frame="0" z_index="87" m_a="1.050480" m_b="0.000000" m_c="0.000000" m_d="1.050480" m_tx="0.000000" m_ty="-0.650000"/>
   <element name="icon_wendy" layername="icon_wendy" frame="0" z_index="88" m_a="1.049990" m_b="0.000000" m_c="0.000000" m_d="1.049990" m_tx="-2.000000" m_ty="-2.050000"/>
   <element name="frame_wendy" layername="frame_spider" frame="1" z_index="89" m_a="1.050480" m_b="0.000000" m_c="0.000000" m_d="1.050480" m_tx="0.000000" m_ty="-0.650000"/>
  </frame>
  <frame idx="25" w="161" h="443" x="-1.643799" y="-70.310593">
   <element name="mouseover" layername="mouseover" frame="0" z_index="86" m_a="1.000000" m_b="-0.000000" m_c="-0.000000" m_d="-1.000000" m_tx="-2.300000" m_ty="20.000000"/>
   <element name="frame_wendy" layername="frame_spider" frame="0" z_index="87" m_a="1.050480" m_b="0.000000" m_c="0.000000" m_d="1.050480" m_tx="0.000000" m_ty="-0.650000"/>
   <element name="icon_wendy" layername="icon_wendy" frame="0" z_index="88" m_a="1.049990" m_b="0.000000" m_c="0.000000" m_d="1.049990" m_tx="-2.000000" m_ty="-2.050000"/>
   <element name="frame_wendy" layername="frame_spider" frame="1" z_index="89" m_a="1.050480" m_b="0.000000" m_c="0.000000" m_d="1.050480" m_tx="0.000000" m_ty="-0.650000"/>
  </frame>
  <frame idx="50" w="161" h="443" x="-1.643799" y="-70.310593">
   <element name="mouseover" layername="mouseover" frame="0" z_index="86" m_a="1.000000" m_b="-0.000000" m_c="-0.000000" m_d="-1.000000" m_tx="-2.300000" m_ty="20.000000"/>
   <element name="frame_wendy" layername="frame_spider" frame="0" z_index="87" m_a="1.050480" m_b="0.000000" m_c="0.000000" m_d="1.050480" m_tx="0.000000" m_ty="-0.650000"/>
   <element name="icon_wendy" layername="icon_wendy" frame="0" z_index="88" m_a="1.049990" m_b="0.000000" m_c="0.000000" m_d="1.049990" m_tx="-2.000000" m_ty="-2.050000"/>
   <element name="frame_wendy" layername="frame_spider" frame="1" z_index="89" m_a="1.050480" m_b="0.000000" m_c="0.000000" m_d="1.050480" m_tx="0.000000" m_ty="-0.650000"/>
  </frame>
  <frame idx="75" w="161" h="443" x="-1.643799" y="-70.310593">
   <element name="mouseover" layername="mouseover" frame="0" z_index="86" m_a="1.000000" m_b="-0.000000" m_c="-0.000000" m_d="-1.000000" m_tx="-2.300000" m_ty="20.000000"/>
   <element name="frame_wendy" layername="frame_spider" frame="0" z_index="87" m_a="1.050480" m_b="0.000000" m_c="0.000000" m_d="1.050480" m_tx="0.000000" m_ty="-0.650000"/>
   <element name="icon_wendy" layername="icon_wendy" frame="0" z_index="88" m_a="1.049990" m_b="0.000000" m_c="0.000000" m_d="1.049990" m_tx="-2.000000" m_ty="-2.050000"/>
   <element name="frame_wendy" layername="frame_spider" frame="1" z_index="89" m_a="1.050480" m_b="0.000000" m_c="0.000000" m_d="1.050480" m_tx="0.000000" m_ty="-0.650000"/>
  </frame>
  <frame idx="100" w="161" h="443" x="-1.643799" y="-70.310593">
   <element name="mouseover" layername="mouseover" frame="0" z_index="86" m_a="1.000000" m_b="-0.000000" m_c="-0.000000" m_d="-1.000000" m_tx="-2.300000" m_ty="20.000000"/>
   <element name="frame_wendy" layername="frame_spider" frame="0" z_index="87" m_a="1.050480" m_b="0.000000" m_c="0.000000" m_d="1.050480" m_tx="0.000000" m_ty="-0.650000"/>
   <element name="icon_wendy" layername="icon_wendy" frame="0" z_index="88" m_a="1.049990" m_b="0.000000" m_c="0.000000" m_d="1.049990" m_tx="-2.000000" m_ty="-2.050000"/>
   <element name="frame_wendy" layername="frame_spider" frame="1" z_index="89" m_a="1.050480" m_b="0.000000" m_c="0.000000" m_d="1.050480" m_tx="0.000000" m_ty="-0.650000"/>
  </frame>
  <frame idx="125" w="161" h="443" x="-1.643799" y="-70.310593">
   <element name="mouseover" layername="mouseover" frame="0" z_index="86" m_a="1.000000" m_b="-0.000000" m_c="-0.000000" m_d="-1.000000" m_tx="-2.300000" m_ty="20.000000"/>
   <element name="frame_wendy" layername="frame_spider" frame="0" z_index="87" m_a="1.050480" m_b="0.000000" m_c="0.000000" m_d="1.050480" m_tx="0.000000" m_ty="-0.650000"/>
   <element name="icon_wendy" layername="icon_wendy" frame="0" z_index="88" m_a="1.049990" m_b="0.000000" m_c="0.000000" m_d="1.049990" m_tx="-2.000000" m_ty="-2.050000"/>
   <element name="frame_wendy" layername="frame_spider" frame="1" z_index="89" m_a="1.050480" m_b="0.000000" m_c="0.000000" m_d="1.050480" m_tx="0.000000" m_ty="-0.650000"/>
  </frame>
  <frame idx="150" w="161" h="443" x="-1.643799" y="-70.310593">
   <element name="mouseover" layername="mouseover" frame="0" z_index="86" m_a="1.000000" m_b="-0.000000" m_c="-0.000000" m_d="-1.000000" m_tx="-2.300000" m_ty="20.000000"/>
   <element name="frame_wendy" layername="frame_spider" frame="0" z_index="87" m_a="1.050480" m_b="0.000000" m_c="0.000000" m_d="1.050480" m_tx="0.000000" m_ty="-0.650000"/>
   <element name="icon_wendy" layername="icon_wendy" frame="0" z_index="88" m_a="1.049990" m_b="0.000000" m_c="0.000000" m_d="1.049990" m_tx="-2.000000" m_ty="-2.050000"/>
   <element name="frame_wendy" layername="frame_spider" frame="1" z_index="89" m_a="1.050480" m_b="0.000000" m_c="0.000000" m_d="1.050480" m_tx="0.000000" m_ty="-0.650000"/>
  </frame>
  <frame idx="175" w="161" h="443" x="-1.643799" y="-70.310593">
   <element name="mouseover" layername="mouseover" frame="0" z_index="86" m_a="1.000000" m_b="-0.000000" m_c="-0.000000" m_d="-1.000000" m_tx="-2.300000" m_ty="20.000000"/>
   <element name="frame_wendy" layername="frame_spider" frame="0" z_index="87" m_a="1.050480" m_b="0.000000" m_c="0.000000" m_d="1.050480" m_tx="0.000000" m_ty="-0.650000"/>
   <element name="icon_wendy" layername="icon_wendy" frame="0" z_index="88" m_a="1.049990" m_b="0.000000" m_c="0.000000" m_d="1.049990" m_tx="-2.000000" m_ty="-2.050000"/>
   <element name="frame_wendy" layername="frame_spider" frame="1" z_index="89" m_a="1.050480" m_b="0.000000" m_c="0.000000" m_d="1.050480" m_tx="0.000000" m_ty="-0.650000"/>
  </frame>
  <frame idx="200" w="161" h="443" x="-1.643799" y="-70.310593">
   <element name="mouseover" layername="mouseover" frame="0" z_index="86" m_a="1.000000" m_b="-0.000000" m_c="-0.000000" m_d="-1.000000" m_tx="-2.300000" m_ty="20.000000"/>
   <element name="frame_wendy" layername="frame_spider" frame="0" z_index="87" m_a="1.050480" m_b="0.000000" m_c="0.000000" m_d="1.050480" m_tx="0.000000" m_ty="-0.650000"/>
   <element name="icon_wendy" layername="icon_wendy" frame="0" z_index="88" m_a="1.049990" m_b="0.000000" m_c="0.000000" m_d="1.049990" m_tx="-2.000000" m_ty="-2.050000"/>
   <element name="frame_wendy" layername="frame_spider" frame="1" z_index="89" m_a="1.050480" m_b="0.000000" m_c="0.000000" m_d="1.050480" m_tx="0.000000" m_ty="-0.650000"/>
  </frame>
  <frame idx="225" w="161" h="443" x="-1.643799" y="-70.310593">
   <element name="mouseover" layername="mouseover" frame="0" z_index="86" m_a="1.000000" m_b="-0.000000" m_c="-0.000000" m_d="-1.000000" m_tx="-2.300000" m_ty="20.000000"/>
   <element name="frame_wendy" layername="frame_spider" frame="0" z_index="87" m_a="1.050480" m_b="0.000000" m_c="0.000000" m_d="1.050480" m_tx="0.000000" m_ty="-0.650000"/>
   <element name="icon_wendy" layername="icon_wendy" frame="0" z_index="88" m_a="1.049990" m_b="0.000000" m_c="0.000000" m_d="1.049990" m_tx="-2.000000" m_ty="-2.050000"/>
   <element name="frame_wendy" layername="frame_spider" frame="1" z_index="89" m_a="1.050480" m_b="0.000000" m_c="0.000000" m_d="1.050480" m_tx="0.000000" m_ty="-0.650000"/>
  </frame>
  <frame idx="250" w="161" h="443" x="-1.643799" y="-70.310593">
   <element name="mouseover" layername="mouseover" frame="0" z_index="86" m_a="1.000000" m_b="-0.000000" m_c="-0.000000" m_d="-1.000000" m_tx="-2.300000" m_ty="20.000000"/>
   <element name="frame_wendy" layername="frame_spider" frame="0" z_index="87" m_a="1.050480" m_b="0.000000" m_c="0.000000" m_d="1.050480" m_tx="0.000000" m_ty="-0.650000"/>
   <element name="icon_wendy" layername="icon_wendy" frame="0" z_index="88" m_a="1.049990" m_b="0.000000" m_c="0.000000" m_d="1.049990" m_tx="-2.000000" m_ty="-2.050000"/>
   <element name="frame_wendy" layername="frame_spider" frame="1" z_index="89" m_a="1.050480" m_b="0.000000" m_c="0.000000" m_d="1.050480" m_tx="0.000000" m_ty="-0.650000"/>
  </frame>
  <frame idx="275" w="161" h="443" x="-1.643799" y="-70.310593">
   <element name="mouseover" layername="mouseover" frame="0" z_index="86" m_a="1.000000" m_b="-0.000000" m_c="-0.000000" m_d="-1.000000" m_tx="-2.300000" m_ty="20.000000"/>
   <element name="frame_wendy" layername="frame_spider" frame="0" z_index="87" m_a="1.050480" m_b="0.000000" m_c="0.000000" m_d="1.050480" m_tx="0.000000" m_ty="-0.650000"/>
   <element name="icon_wendy" layername="icon_wendy" frame="0" z_index="88" m_a="1.049990" m_b="0.000000" m_c="0.000000" m_d="1.049990" m_tx="-2.000000" m_ty="-2.050000"/>
   <element name="frame_wendy" layername="frame_spider" frame="1" z_index="89" m_a="1.050480" m_b="0.000000" m_c="0.000000" m_d="1.050480" m_tx="0.000000" m_ty="-0.650000"/>
  </frame>
  <frame idx="300" w="161" h="443" x="-1.643799" y="-70.310593">
   <element name="mouseover" layername="mouseover" frame="0" z_index="86" m_a="1.000000" m_b="-0.000000" m_c="-0.000000" m_d="-1.000000" m_tx="-2.300000" m_ty="20.000000"/>
   <element name="frame_wendy" layername="frame_spider" frame="0" z_index="87" m_a="1.050480" m_b="0.000000" m_c="0.000000" m_d="1.050480" m_tx="0.000000" m_ty="-0.650000"/>
   <element name="icon_wendy" layername="icon_wendy" frame="0" z_index="88" m_a="1.049990" m_b="0.000000" m_c="0.000000" m_d="1.049990" m_tx="-2.000000" m_ty="-2.050000"/>
   <element name="frame_wendy" layername="frame_spider" frame="1" z_index="89" m_a="1.050480" m_b="0.000000" m_c="0.000000" m_d="1.050480" m_tx="0.000000" m_ty="-0.650000"/>
  </frame>
 </anim>
 <anim name="finalfight_pressed" root="spell_icons_spider" numframes="25" framerate="40">
  <frame idx="0" w="161" h="433" x="-1.643799" y="-78.544891">
   <element name="mouseover" layername="mouseover" frame="0" z_index="86" m_a="1.000000" m_b="-0.000000" m_c="-0.000000" m_d="-1.000000" m_tx="-2.300000" m_ty="20.000000"/>
   <element name="frame_wendy" layername="frame_spider" frame="0" z_index="87" m_a="0.926544" m_b="0.000000" m_c="0.000000" m_d="0.926544" m_tx="-0.200000" m_ty="1.100000"/>
   <element name="icon_wendy" layername="icon_wendy" frame="0" z_index="88" m_a="0.899994" m_b="0.000000" m_c="0.000000" m_d="0.899994" m_tx="-2.000000" m_ty="-2.050000"/>
   <element name="frame_wendy" layername="frame_spider" frame="1" z_index="89" m_a="0.950480" m_b="0.000000" m_c="0.000000" m_d="0.950480" m_tx="0.000000" m_ty="-0.650000"/>
  </frame>
 </anim>
</Anims>
