<Anims>
 <anim name="idle_loop" root="attack_fx" numframes="3000" framerate="40">
  <frame idx="0" w="2" h="-2147483648" x="0.000000" y="4045626734010850406503928561664000.000000"/>
  <frame idx="25" w="2" h="-2147483648" x="0.000000" y="4045626734010850406503928561664000.000000"/>
  <frame idx="50" w="335" h="119" x="-217.375168" y="-21.767048">
   <element name="attack_fx" layername="attack_fx" frame="0" z_index="12" m_a="0.335327" m_b="0.000000" m_c="0.000000" m_d="0.335327" m_tx="-260.297028" m_ty="-64.688904"/>
  </frame>
  <frame idx="75" w="335" h="123" x="-217.375168" y="-24.696903">
   <element name="attack_fx" layername="attack_fx" frame="0" z_index="12" m_a="0.335327" m_b="0.000000" m_c="0.000000" m_d="0.335327" m_tx="-260.297028" m_ty="-67.618759"/>
  </frame>
  <frame idx="100" w="335" h="126" x="-217.375168" y="-27.626759">
   <element name="attack_fx" layername="attack_fx" frame="0" z_index="12" m_a="0.335327" m_b="0.000000" m_c="0.000000" m_d="0.335327" m_tx="-260.297028" m_ty="-70.548615"/>
  </frame>
  <frame idx="125" w="335" h="129" x="-217.375168" y="-30.556614">
   <element name="attack_fx" layername="attack_fx" frame="0" z_index="12" m_a="0.335327" m_b="0.000000" m_c="0.000000" m_d="0.335327" m_tx="-260.297028" m_ty="-73.478470"/>
  </frame>
  <frame idx="150" w="335" h="132" x="-217.375168" y="-33.486469">
   <element name="attack_fx" layername="attack_fx" frame="0" z_index="12" m_a="0.335327" m_b="0.000000" m_c="0.000000" m_d="0.335327" m_tx="-260.297028" m_ty="-76.408325"/>
  </frame>
  <frame idx="175" w="335" h="136" x="-217.375168" y="-36.416325">
   <element name="attack_fx" layername="attack_fx" frame="0" z_index="12" m_a="0.335327" m_b="0.000000" m_c="0.000000" m_d="0.335327" m_tx="-260.297028" m_ty="-79.338181"/>
  </frame>
  <frame idx="200" w="335" h="139" x="-217.375168" y="-39.346180">
   <element name="attack_fx" layername="attack_fx" frame="0" z_index="12" m_a="0.335327" m_b="0.000000" m_c="0.000000" m_d="0.335327" m_tx="-260.297028" m_ty="-82.268036"/>
  </frame>
  <frame idx="225" w="335" h="142" x="-217.375168" y="-42.276035">
   <element name="attack_fx" layername="attack_fx" frame="0" z_index="12" m_a="0.335327" m_b="0.000000" m_c="0.000000" m_d="0.335327" m_tx="-260.297028" m_ty="-85.197891"/>
  </frame>
  <frame idx="250" w="335" h="146" x="-217.375168" y="-45.205891">
   <element name="attack_fx" layername="attack_fx" frame="0" z_index="12" m_a="0.335327" m_b="0.000000" m_c="0.000000" m_d="0.335327" m_tx="-260.297028" m_ty="-88.127739"/>
  </frame>
  <frame idx="275" w="335" h="148" x="-217.375168" y="-48.135731">
   <element name="attack_fx" layername="attack_fx" frame="0" z_index="12" m_a="0.335327" m_b="0.000000" m_c="0.000000" m_d="0.335327" m_tx="-260.297028" m_ty="-91.057594"/>
  </frame>
  <frame idx="300" w="335" h="151" x="-217.375168" y="-51.065601">
   <element name="attack_fx" layername="attack_fx" frame="0" z_index="12" m_a="0.335327" m_b="0.000000" m_c="0.000000" m_d="0.335327" m_tx="-260.297028" m_ty="-93.987450"/>
  </frame>
  <frame idx="325" w="335" h="154" x="-217.375168" y="-53.995441">
   <element name="attack_fx" layername="attack_fx" frame="0" z_index="12" m_a="0.335327" m_b="0.000000" m_c="0.000000" m_d="0.335327" m_tx="-260.297028" m_ty="-96.917305"/>
  </frame>
  <frame idx="350" w="454" h="238" x="-109.518036" y="-81.115219">
   <element name="attack_fx" layername="attack_fx" frame="0" z_index="12" m_a="0.335327" m_b="0.000000" m_c="0.000000" m_d="0.335327" m_tx="-260.297028" m_ty="-99.847160"/>
   <element name="attack_fx" layername="attack_fx" frame="0" z_index="11" m_a="0.335327" m_b="0.000000" m_c="0.000000" m_d="0.335327" m_tx="-44.582745" m_ty="-148.226974"/>
  </frame>
  <frame idx="375" w="454" h="241" x="-109.518036" y="-84.045059">
   <element name="attack_fx" layername="attack_fx" frame="0" z_index="12" m_a="0.335327" m_b="0.000000" m_c="0.000000" m_d="0.335327" m_tx="-260.297028" m_ty="-102.777016"/>
   <element name="attack_fx" layername="attack_fx" frame="0" z_index="11" m_a="0.335327" m_b="0.000000" m_c="0.000000" m_d="0.335327" m_tx="-44.582745" m_ty="-151.156830"/>
  </frame>
  <frame idx="400" w="454" h="245" x="-109.518036" y="-86.974915">
   <element name="attack_fx" layername="attack_fx" frame="0" z_index="12" m_a="0.335327" m_b="0.000000" m_c="0.000000" m_d="0.335327" m_tx="-260.297028" m_ty="-105.706871"/>
   <element name="attack_fx" layername="attack_fx" frame="0" z_index="11" m_a="0.335327" m_b="0.000000" m_c="0.000000" m_d="0.335327" m_tx="-44.582745" m_ty="-154.086670"/>
  </frame>
  <frame idx="425" w="454" h="248" x="-109.518036" y="-89.904770">
   <element name="attack_fx" layername="attack_fx" frame="0" z_index="12" m_a="0.335327" m_b="0.000000" m_c="0.000000" m_d="0.335327" m_tx="-260.297028" m_ty="-108.636726"/>
   <element name="attack_fx" layername="attack_fx" frame="0" z_index="11" m_a="0.335327" m_b="0.000000" m_c="0.000000" m_d="0.335327" m_tx="-44.582745" m_ty="-157.016541"/>
  </frame>
  <frame idx="450" w="454" h="251" x="-109.518036" y="-92.834625">
   <element name="attack_fx" layername="attack_fx" frame="0" z_index="12" m_a="0.335327" m_b="0.000000" m_c="0.000000" m_d="0.335327" m_tx="-260.297028" m_ty="-111.566582"/>
   <element name="attack_fx" layername="attack_fx" frame="0" z_index="11" m_a="0.335327" m_b="0.000000" m_c="0.000000" m_d="0.335327" m_tx="-44.582745" m_ty="-159.946381"/>
  </frame>
  <frame idx="475" w="454" h="253" x="-109.518036" y="-95.764481">
   <element name="attack_fx" layername="attack_fx" frame="0" z_index="12" m_a="0.335327" m_b="0.000000" m_c="0.000000" m_d="0.335327" m_tx="-260.297028" m_ty="-114.496437"/>
   <element name="attack_fx" layername="attack_fx" frame="0" z_index="11" m_a="0.335327" m_b="0.000000" m_c="0.000000" m_d="0.335327" m_tx="-44.582745" m_ty="-162.876251"/>
  </frame>
  <frame idx="500" w="454" h="257" x="-109.518036" y="-98.694328">
   <element name="attack_fx" layername="attack_fx" frame="0" z_index="12" m_a="0.335327" m_b="0.000000" m_c="0.000000" m_d="0.335327" m_tx="-260.297028" m_ty="-117.426285"/>
   <element name="attack_fx" layername="attack_fx" frame="0" z_index="11" m_a="0.335327" m_b="0.000000" m_c="0.000000" m_d="0.335327" m_tx="-44.582745" m_ty="-165.806091"/>
  </frame>
  <frame idx="525" w="454" h="260" x="-109.518036" y="-101.624191">
   <element name="attack_fx" layername="attack_fx" frame="0" z_index="12" m_a="0.335327" m_b="0.000000" m_c="0.000000" m_d="0.335327" m_tx="-260.297028" m_ty="-120.356140"/>
   <element name="attack_fx" layername="attack_fx" frame="0" z_index="11" m_a="0.335327" m_b="0.000000" m_c="0.000000" m_d="0.335327" m_tx="-44.582745" m_ty="-168.735962"/>
  </frame>
  <frame idx="550" w="454" h="263" x="-109.518036" y="-104.554039">
   <element name="attack_fx" layername="attack_fx" frame="0" z_index="12" m_a="0.335327" m_b="0.000000" m_c="0.000000" m_d="0.335327" m_tx="-260.297028" m_ty="-123.285995"/>
   <element name="attack_fx" layername="attack_fx" frame="0" z_index="11" m_a="0.335327" m_b="0.000000" m_c="0.000000" m_d="0.335327" m_tx="-44.582745" m_ty="-171.665802"/>
  </frame>
  <frame idx="575" w="549" h="301" x="-22.375168" y="-76.896210">
   <element name="attack_fx" layername="attack_fx" frame="0" z_index="12" m_a="0.335327" m_b="0.000000" m_c="0.000000" m_d="0.335327" m_tx="-260.297028" m_ty="-126.215851"/>
   <element name="attack_fx" layername="attack_fx" frame="0" z_index="11" m_a="0.335327" m_b="0.000000" m_c="0.000000" m_d="0.335327" m_tx="-44.582745" m_ty="-174.595657"/>
   <element name="attack_fx" layername="attack_fx" frame="0" z_index="10" m_a="0.335327" m_b="0.000000" m_c="0.000000" m_d="0.335327" m_tx="129.702972" m_ty="-65.040489"/>
  </frame>
  <frame idx="600" w="549" h="304" x="-22.375168" y="-79.826065">
   <element name="attack_fx" layername="attack_fx" frame="0" z_index="12" m_a="0.335327" m_b="0.000000" m_c="0.000000" m_d="0.335327" m_tx="-260.297028" m_ty="-129.145706"/>
   <element name="attack_fx" layername="attack_fx" frame="0" z_index="11" m_a="0.335327" m_b="0.000000" m_c="0.000000" m_d="0.335327" m_tx="-44.582745" m_ty="-177.525513"/>
   <element name="attack_fx" layername="attack_fx" frame="0" z_index="10" m_a="0.335327" m_b="0.000000" m_c="0.000000" m_d="0.335327" m_tx="129.702972" m_ty="-67.970337"/>
  </frame>
  <frame idx="625" w="549" h="307" x="-22.375168" y="-82.756699">
   <element name="attack_fx" layername="attack_fx" frame="0" z_index="12" m_a="0.335327" m_b="0.000000" m_c="0.000000" m_d="0.335327" m_tx="-260.297028" m_ty="-132.075562"/>
   <element name="attack_fx" layername="attack_fx" frame="0" z_index="11" m_a="0.335327" m_b="0.000000" m_c="0.000000" m_d="0.335327" m_tx="-44.582745" m_ty="-180.455368"/>
   <element name="attack_fx" layername="attack_fx" frame="0" z_index="10" m_a="0.335327" m_b="0.000000" m_c="0.000000" m_d="0.335327" m_tx="129.702972" m_ty="-70.901718"/>
  </frame>
  <frame idx="650" w="193" h="311" x="85.481979" y="-85.687897">
   <element name="attack_fx" layername="attack_fx" frame="0" z_index="11" m_a="0.335327" m_b="0.000000" m_c="0.000000" m_d="0.335327" m_tx="-44.582745" m_ty="-183.385223"/>
   <element name="attack_fx" layername="attack_fx" frame="0" z_index="10" m_a="0.335327" m_b="0.000000" m_c="0.000000" m_d="0.335327" m_tx="129.702972" m_ty="-73.834290"/>
  </frame>
  <frame idx="675" w="193" h="314" x="85.481979" y="-88.619110">
   <element name="attack_fx" layername="attack_fx" frame="0" z_index="11" m_a="0.335327" m_b="0.000000" m_c="0.000000" m_d="0.335327" m_tx="-44.582745" m_ty="-186.315079"/>
   <element name="attack_fx" layername="attack_fx" frame="0" z_index="10" m_a="0.335327" m_b="0.000000" m_c="0.000000" m_d="0.335327" m_tx="129.702972" m_ty="-76.766861"/>
  </frame>
  <frame idx="700" w="193" h="316" x="85.481979" y="-91.550323">
   <element name="attack_fx" layername="attack_fx" frame="0" z_index="11" m_a="0.335327" m_b="0.000000" m_c="0.000000" m_d="0.335327" m_tx="-44.582745" m_ty="-189.244934"/>
   <element name="attack_fx" layername="attack_fx" frame="0" z_index="10" m_a="0.335327" m_b="0.000000" m_c="0.000000" m_d="0.335327" m_tx="129.702972" m_ty="-79.699425"/>
  </frame>
  <frame idx="725" w="193" h="319" x="85.481979" y="-94.481537">
   <element name="attack_fx" layername="attack_fx" frame="0" z_index="11" m_a="0.335327" m_b="0.000000" m_c="0.000000" m_d="0.335327" m_tx="-44.582745" m_ty="-192.174789"/>
   <element name="attack_fx" layername="attack_fx" frame="0" z_index="10" m_a="0.335327" m_b="0.000000" m_c="0.000000" m_d="0.335327" m_tx="129.702972" m_ty="-82.631996"/>
  </frame>
  <frame idx="750" w="193" h="323" x="85.481979" y="-97.412750">
   <element name="attack_fx" layername="attack_fx" frame="0" z_index="11" m_a="0.335327" m_b="0.000000" m_c="0.000000" m_d="0.335327" m_tx="-44.582745" m_ty="-195.104645"/>
   <element name="attack_fx" layername="attack_fx" frame="0" z_index="10" m_a="0.335327" m_b="0.000000" m_c="0.000000" m_d="0.335327" m_tx="129.702972" m_ty="-85.564568"/>
  </frame>
  <frame idx="775" w="193" h="326" x="85.481979" y="-100.343948">
   <element name="attack_fx" layername="attack_fx" frame="0" z_index="11" m_a="0.335327" m_b="0.000000" m_c="0.000000" m_d="0.335327" m_tx="-44.582745" m_ty="-198.034500"/>
   <element name="attack_fx" layername="attack_fx" frame="0" z_index="10" m_a="0.335327" m_b="0.000000" m_c="0.000000" m_d="0.335327" m_tx="129.702972" m_ty="-88.497139"/>
  </frame>
  <frame idx="800" w="201" h="549" x="83.339111" y="-169.961670">
   <element name="attack_fx" layername="attack_fx" frame="0" z_index="11" m_a="0.335327" m_b="0.000000" m_c="0.000000" m_d="0.335327" m_tx="-44.582745" m_ty="-200.964355"/>
   <element name="attack_fx" layername="attack_fx" frame="0" z_index="10" m_a="0.335327" m_b="0.000000" m_c="0.000000" m_d="0.335327" m_tx="129.702972" m_ty="-91.429703"/>
   <element name="attack_fx" layername="attack_fx" frame="0" z_index="9" m_a="0.335327" m_b="0.000000" m_c="0.000000" m_d="0.335327" m_tx="-48.868462" m_ty="-334.337341"/>
  </frame>
  <frame idx="825" w="201" h="553" x="83.339111" y="-172.892853">
   <element name="attack_fx" layername="attack_fx" frame="0" z_index="11" m_a="0.335327" m_b="0.000000" m_c="0.000000" m_d="0.335327" m_tx="-44.582745" m_ty="-203.894211"/>
   <element name="attack_fx" layername="attack_fx" frame="0" z_index="10" m_a="0.335327" m_b="0.000000" m_c="0.000000" m_d="0.335327" m_tx="129.702972" m_ty="-94.362274"/>
   <element name="attack_fx" layername="attack_fx" frame="0" z_index="9" m_a="0.335327" m_b="0.000000" m_c="0.000000" m_d="0.335327" m_tx="-48.868462" m_ty="-337.267151"/>
  </frame>
  <frame idx="850" w="201" h="556" x="83.339111" y="-175.824081">
   <element name="attack_fx" layername="attack_fx" frame="0" z_index="11" m_a="0.335327" m_b="0.000000" m_c="0.000000" m_d="0.335327" m_tx="-44.582745" m_ty="-206.824066"/>
   <element name="attack_fx" layername="attack_fx" frame="0" z_index="10" m_a="0.335327" m_b="0.000000" m_c="0.000000" m_d="0.335327" m_tx="129.702972" m_ty="-97.294846"/>
   <element name="attack_fx" layername="attack_fx" frame="0" z_index="9" m_a="0.335327" m_b="0.000000" m_c="0.000000" m_d="0.335327" m_tx="-48.868462" m_ty="-340.197021"/>
  </frame>
  <frame idx="875" w="201" h="559" x="83.339111" y="-178.755295">
   <element name="attack_fx" layername="attack_fx" frame="0" z_index="11" m_a="0.335327" m_b="0.000000" m_c="0.000000" m_d="0.335327" m_tx="-44.582745" m_ty="-209.753922"/>
   <element name="attack_fx" layername="attack_fx" frame="0" z_index="10" m_a="0.335327" m_b="0.000000" m_c="0.000000" m_d="0.335327" m_tx="129.702972" m_ty="-100.227417"/>
   <element name="attack_fx" layername="attack_fx" frame="0" z_index="9" m_a="0.335327" m_b="0.000000" m_c="0.000000" m_d="0.335327" m_tx="-48.868462" m_ty="-343.126892"/>
  </frame>
  <frame idx="900" w="201" h="563" x="83.339111" y="-181.686523">
   <element name="attack_fx" layername="attack_fx" frame="0" z_index="11" m_a="0.335327" m_b="0.000000" m_c="0.000000" m_d="0.335327" m_tx="-44.582745" m_ty="-212.683777"/>
   <element name="attack_fx" layername="attack_fx" frame="0" z_index="10" m_a="0.335327" m_b="0.000000" m_c="0.000000" m_d="0.335327" m_tx="129.702972" m_ty="-103.159988"/>
   <element name="attack_fx" layername="attack_fx" frame="0" z_index="9" m_a="0.335327" m_b="0.000000" m_c="0.000000" m_d="0.335327" m_tx="-48.868462" m_ty="-346.056763"/>
  </frame>
  <frame idx="925" w="201" h="566" x="83.339111" y="-184.617706">
   <element name="attack_fx" layername="attack_fx" frame="0" z_index="10" m_a="0.335327" m_b="0.000000" m_c="0.000000" m_d="0.335327" m_tx="129.702972" m_ty="-106.092560"/>
   <element name="attack_fx" layername="attack_fx" frame="0" z_index="9" m_a="0.335327" m_b="0.000000" m_c="0.000000" m_d="0.335327" m_tx="-48.868462" m_ty="-348.986572"/>
  </frame>
  <frame idx="950" w="201" h="569" x="83.339111" y="-187.548920">
   <element name="attack_fx" layername="attack_fx" frame="0" z_index="10" m_a="0.335327" m_b="0.000000" m_c="0.000000" m_d="0.335327" m_tx="129.702972" m_ty="-109.025124"/>
   <element name="attack_fx" layername="attack_fx" frame="0" z_index="9" m_a="0.335327" m_b="0.000000" m_c="0.000000" m_d="0.335327" m_tx="-48.868462" m_ty="-351.916443"/>
  </frame>
  <frame idx="975" w="201" h="572" x="83.339111" y="-190.480148">
   <element name="attack_fx" layername="attack_fx" frame="0" z_index="10" m_a="0.335327" m_b="0.000000" m_c="0.000000" m_d="0.335327" m_tx="129.702972" m_ty="-111.957695"/>
   <element name="attack_fx" layername="attack_fx" frame="0" z_index="9" m_a="0.335327" m_b="0.000000" m_c="0.000000" m_d="0.335327" m_tx="-48.868462" m_ty="-354.846313"/>
  </frame>
  <frame idx="1000" w="201" h="576" x="83.339111" y="-193.411362">
   <element name="attack_fx" layername="attack_fx" frame="0" z_index="10" m_a="0.335327" m_b="0.000000" m_c="0.000000" m_d="0.335327" m_tx="129.702972" m_ty="-114.890266"/>
   <element name="attack_fx" layername="attack_fx" frame="0" z_index="9" m_a="0.335327" m_b="0.000000" m_c="0.000000" m_d="0.335327" m_tx="-48.868462" m_ty="-357.776184"/>
  </frame>
  <frame idx="1025" w="201" h="579" x="83.339111" y="-196.342560">
   <element name="attack_fx" layername="attack_fx" frame="0" z_index="10" m_a="0.335327" m_b="0.000000" m_c="0.000000" m_d="0.335327" m_tx="129.702972" m_ty="-117.822838"/>
   <element name="attack_fx" layername="attack_fx" frame="0" z_index="9" m_a="0.335327" m_b="0.000000" m_c="0.000000" m_d="0.335327" m_tx="-48.868462" m_ty="-360.705994"/>
  </frame>
  <frame idx="1050" w="395" h="581" x="24.053406" y="-199.273773">
   <element name="attack_fx" layername="attack_fx" frame="0" z_index="10" m_a="0.335327" m_b="0.000000" m_c="0.000000" m_d="0.335327" m_tx="129.702972" m_ty="-120.755409"/>
   <element name="attack_fx" layername="attack_fx" frame="0" z_index="9" m_a="0.335327" m_b="0.000000" m_c="0.000000" m_d="0.335327" m_tx="-48.868462" m_ty="-363.635864"/>
   <element name="attack_fx" layername="attack_fx" frame="0" z_index="8" m_a="0.335327" m_b="0.000000" m_c="0.000000" m_d="0.335327" m_tx="-167.439896" m_ty="-191.831757"/>
  </frame>
  <frame idx="1075" w="395" h="585" x="24.053406" y="-202.205002">
   <element name="attack_fx" layername="attack_fx" frame="0" z_index="10" m_a="0.335327" m_b="0.000000" m_c="0.000000" m_d="0.335327" m_tx="129.702972" m_ty="-123.687973"/>
   <element name="attack_fx" layername="attack_fx" frame="0" z_index="9" m_a="0.335327" m_b="0.000000" m_c="0.000000" m_d="0.335327" m_tx="-48.868462" m_ty="-366.565735"/>
   <element name="attack_fx" layername="attack_fx" frame="0" z_index="8" m_a="0.335327" m_b="0.000000" m_c="0.000000" m_d="0.335327" m_tx="-167.439896" m_ty="-194.761612"/>
  </frame>
  <frame idx="1100" w="395" h="588" x="24.053406" y="-205.136215">
   <element name="attack_fx" layername="attack_fx" frame="0" z_index="10" m_a="0.335327" m_b="0.000000" m_c="0.000000" m_d="0.335327" m_tx="129.702972" m_ty="-126.620544"/>
   <element name="attack_fx" layername="attack_fx" frame="0" z_index="9" m_a="0.335327" m_b="0.000000" m_c="0.000000" m_d="0.335327" m_tx="-48.868462" m_ty="-369.495605"/>
   <element name="attack_fx" layername="attack_fx" frame="0" z_index="8" m_a="0.335327" m_b="0.000000" m_c="0.000000" m_d="0.335327" m_tx="-167.439896" m_ty="-197.691467"/>
  </frame>
  <frame idx="1125" w="395" h="591" x="24.053406" y="-208.067398">
   <element name="attack_fx" layername="attack_fx" frame="0" z_index="10" m_a="0.335327" m_b="0.000000" m_c="0.000000" m_d="0.335327" m_tx="129.702972" m_ty="-129.553116"/>
   <element name="attack_fx" layername="attack_fx" frame="0" z_index="9" m_a="0.335327" m_b="0.000000" m_c="0.000000" m_d="0.335327" m_tx="-48.868462" m_ty="-372.425415"/>
   <element name="attack_fx" layername="attack_fx" frame="0" z_index="8" m_a="0.335327" m_b="0.000000" m_c="0.000000" m_d="0.335327" m_tx="-167.439896" m_ty="-200.621323"/>
  </frame>
  <frame idx="1150" w="395" h="594" x="24.053406" y="-210.998627">
   <element name="attack_fx" layername="attack_fx" frame="0" z_index="10" m_a="0.335327" m_b="0.000000" m_c="0.000000" m_d="0.335327" m_tx="129.702972" m_ty="-132.485687"/>
   <element name="attack_fx" layername="attack_fx" frame="0" z_index="9" m_a="0.335327" m_b="0.000000" m_c="0.000000" m_d="0.335327" m_tx="-48.868462" m_ty="-375.355286"/>
   <element name="attack_fx" layername="attack_fx" frame="0" z_index="8" m_a="0.335327" m_b="0.000000" m_c="0.000000" m_d="0.335327" m_tx="-167.439896" m_ty="-203.551178"/>
  </frame>
  <frame idx="1175" w="297" h="559" x="-65.232315" y="-249.461227">
   <element name="attack_fx" layername="attack_fx" frame="0" z_index="9" m_a="0.335327" m_b="0.000000" m_c="0.000000" m_d="0.335327" m_tx="-48.868462" m_ty="-378.285156"/>
   <element name="attack_fx" layername="attack_fx" frame="0" z_index="8" m_a="0.335327" m_b="0.000000" m_c="0.000000" m_d="0.335327" m_tx="-167.439896" m_ty="-206.481033"/>
  </frame>
  <frame idx="1200" w="297" h="563" x="-65.232315" y="-252.391098">
   <element name="attack_fx" layername="attack_fx" frame="0" z_index="9" m_a="0.335327" m_b="0.000000" m_c="0.000000" m_d="0.335327" m_tx="-48.868462" m_ty="-381.215027"/>
   <element name="attack_fx" layername="attack_fx" frame="0" z_index="8" m_a="0.335327" m_b="0.000000" m_c="0.000000" m_d="0.335327" m_tx="-167.439896" m_ty="-209.410889"/>
  </frame>
  <frame idx="1225" w="297" h="565" x="-65.232315" y="-255.320938">
   <element name="attack_fx" layername="attack_fx" frame="0" z_index="9" m_a="0.335327" m_b="0.000000" m_c="0.000000" m_d="0.335327" m_tx="-48.868462" m_ty="-384.144836"/>
   <element name="attack_fx" layername="attack_fx" frame="0" z_index="8" m_a="0.335327" m_b="0.000000" m_c="0.000000" m_d="0.335327" m_tx="-167.439896" m_ty="-212.340744"/>
  </frame>
  <frame idx="1250" w="297" h="568" x="-65.232315" y="-258.250793">
   <element name="attack_fx" layername="attack_fx" frame="0" z_index="9" m_a="0.335327" m_b="0.000000" m_c="0.000000" m_d="0.335327" m_tx="-48.868462" m_ty="-387.074707"/>
   <element name="attack_fx" layername="attack_fx" frame="0" z_index="8" m_a="0.335327" m_b="0.000000" m_c="0.000000" m_d="0.335327" m_tx="-167.439896" m_ty="-215.270599"/>
  </frame>
  <frame idx="1275" w="327" h="689" x="-38.089462" y="-154.776474">
   <element name="attack_fx" layername="attack_fx" frame="0" z_index="9" m_a="0.335327" m_b="0.000000" m_c="0.000000" m_d="0.335327" m_tx="-48.868462" m_ty="-390.004578"/>
   <element name="attack_fx" layername="attack_fx" frame="0" z_index="8" m_a="0.335327" m_b="0.000000" m_c="0.000000" m_d="0.335327" m_tx="-167.439896" m_ty="-218.200455"/>
   <element name="attack_fx" layername="attack_fx" frame="0" z_index="1" m_a="0.335327" m_b="0.000000" m_c="0.000000" m_d="0.335327" m_tx="5.417255" m_ty="-5.392071"/>
  </frame>
  <frame idx="1300" w="327" h="692" x="-38.089462" y="-157.706299">
   <element name="attack_fx" layername="attack_fx" frame="0" z_index="9" m_a="0.335327" m_b="0.000000" m_c="0.000000" m_d="0.335327" m_tx="-48.868462" m_ty="-392.934387"/>
   <element name="attack_fx" layername="attack_fx" frame="0" z_index="8" m_a="0.335327" m_b="0.000000" m_c="0.000000" m_d="0.335327" m_tx="-167.439896" m_ty="-221.130310"/>
   <element name="attack_fx" layername="attack_fx" frame="0" z_index="1" m_a="0.335327" m_b="0.000000" m_c="0.000000" m_d="0.335327" m_tx="5.417255" m_ty="-8.321922"/>
  </frame>
  <frame idx="1325" w="327" h="696" x="-38.089462" y="-160.636154">
   <element name="attack_fx" layername="attack_fx" frame="0" z_index="9" m_a="0.335327" m_b="0.000000" m_c="0.000000" m_d="0.335327" m_tx="-48.868462" m_ty="-395.864258"/>
   <element name="attack_fx" layername="attack_fx" frame="0" z_index="8" m_a="0.335327" m_b="0.000000" m_c="0.000000" m_d="0.335327" m_tx="-167.439896" m_ty="-224.060165"/>
   <element name="attack_fx" layername="attack_fx" frame="0" z_index="1" m_a="0.335327" m_b="0.000000" m_c="0.000000" m_d="0.335327" m_tx="5.417255" m_ty="-11.251778"/>
  </frame>
  <frame idx="1350" w="327" h="699" x="-38.089462" y="-163.566025">
   <element name="attack_fx" layername="attack_fx" frame="0" z_index="9" m_a="0.335327" m_b="0.000000" m_c="0.000000" m_d="0.335327" m_tx="-48.868462" m_ty="-398.794128"/>
   <element name="attack_fx" layername="attack_fx" frame="0" z_index="8" m_a="0.335327" m_b="0.000000" m_c="0.000000" m_d="0.335327" m_tx="-167.439896" m_ty="-226.990005"/>
   <element name="attack_fx" layername="attack_fx" frame="0" z_index="1" m_a="0.335327" m_b="0.000000" m_c="0.000000" m_d="0.335327" m_tx="5.417255" m_ty="-14.181631"/>
  </frame>
  <frame idx="1375" w="327" h="701" x="-38.089462" y="-166.495880">
   <element name="attack_fx" layername="attack_fx" frame="0" z_index="9" m_a="0.335327" m_b="0.000000" m_c="0.000000" m_d="0.335327" m_tx="-48.868462" m_ty="-401.723999"/>
   <element name="attack_fx" layername="attack_fx" frame="0" z_index="8" m_a="0.335327" m_b="0.000000" m_c="0.000000" m_d="0.335327" m_tx="-167.439896" m_ty="-229.919876"/>
   <element name="attack_fx" layername="attack_fx" frame="0" z_index="1" m_a="0.335327" m_b="0.000000" m_c="0.000000" m_d="0.335327" m_tx="5.417255" m_ty="-17.111486"/>
  </frame>
  <frame idx="1400" w="358" h="422" x="-10.232315" y="-83.523682">
   <element name="attack_fx" layername="attack_fx" frame="0" z_index="8" m_a="0.335327" m_b="0.000000" m_c="0.000000" m_d="0.335327" m_tx="-167.439896" m_ty="-232.849716"/>
   <element name="attack_fx" layername="attack_fx" frame="0" z_index="7" m_a="0.335327" m_b="0.000000" m_c="0.000000" m_d="0.335327" m_tx="61.131542" m_ty="-217.641006"/>
   <element name="attack_fx" layername="attack_fx" frame="0" z_index="1" m_a="0.335327" m_b="0.000000" m_c="0.000000" m_d="0.335327" m_tx="5.417255" m_ty="-20.041340"/>
  </frame>
  <frame idx="1425" w="358" h="425" x="-10.232315" y="-86.453537">
   <element name="attack_fx" layername="attack_fx" frame="0" z_index="8" m_a="0.335327" m_b="0.000000" m_c="0.000000" m_d="0.335327" m_tx="-167.439896" m_ty="-235.779587"/>
   <element name="attack_fx" layername="attack_fx" frame="0" z_index="7" m_a="0.335327" m_b="0.000000" m_c="0.000000" m_d="0.335327" m_tx="61.131542" m_ty="-220.570862"/>
   <element name="attack_fx" layername="attack_fx" frame="0" z_index="1" m_a="0.335327" m_b="0.000000" m_c="0.000000" m_d="0.335327" m_tx="5.417255" m_ty="-22.971195"/>
  </frame>
  <frame idx="1450" w="358" h="428" x="-10.232315" y="-89.383377">
   <element name="attack_fx" layername="attack_fx" frame="0" z_index="8" m_a="0.335327" m_b="0.000000" m_c="0.000000" m_d="0.335327" m_tx="-167.439896" m_ty="-238.709427"/>
   <element name="attack_fx" layername="attack_fx" frame="0" z_index="7" m_a="0.335327" m_b="0.000000" m_c="0.000000" m_d="0.335327" m_tx="61.131542" m_ty="-223.500717"/>
   <element name="attack_fx" layername="attack_fx" frame="0" z_index="1" m_a="0.335327" m_b="0.000000" m_c="0.000000" m_d="0.335327" m_tx="5.417255" m_ty="-25.901051"/>
  </frame>
  <frame idx="1475" w="358" h="431" x="-10.232315" y="-92.313232">
   <element name="attack_fx" layername="attack_fx" frame="0" z_index="8" m_a="0.335327" m_b="0.000000" m_c="0.000000" m_d="0.335327" m_tx="-167.439896" m_ty="-241.639297"/>
   <element name="attack_fx" layername="attack_fx" frame="0" z_index="7" m_a="0.335327" m_b="0.000000" m_c="0.000000" m_d="0.335327" m_tx="61.131542" m_ty="-226.430557"/>
   <element name="attack_fx" layername="attack_fx" frame="0" z_index="1" m_a="0.335327" m_b="0.000000" m_c="0.000000" m_d="0.335327" m_tx="5.417255" m_ty="-28.830904"/>
  </frame>
  <frame idx="1500" w="358" h="434" x="-10.232315" y="-95.243103">
   <element name="attack_fx" layername="attack_fx" frame="0" z_index="8" m_a="0.335327" m_b="0.000000" m_c="0.000000" m_d="0.335327" m_tx="-167.439896" m_ty="-244.569138"/>
   <element name="attack_fx" layername="attack_fx" frame="0" z_index="7" m_a="0.335327" m_b="0.000000" m_c="0.000000" m_d="0.335327" m_tx="61.131542" m_ty="-229.360413"/>
   <element name="attack_fx" layername="attack_fx" frame="0" z_index="1" m_a="0.335327" m_b="0.000000" m_c="0.000000" m_d="0.335327" m_tx="5.417255" m_ty="-31.760759"/>
  </frame>
  <frame idx="1525" w="358" h="437" x="-10.232315" y="-98.172943">
   <element name="attack_fx" layername="attack_fx" frame="0" z_index="8" m_a="0.335327" m_b="0.000000" m_c="0.000000" m_d="0.335327" m_tx="-167.439896" m_ty="-247.498993"/>
   <element name="attack_fx" layername="attack_fx" frame="0" z_index="7" m_a="0.335327" m_b="0.000000" m_c="0.000000" m_d="0.335327" m_tx="61.131542" m_ty="-232.290268"/>
   <element name="attack_fx" layername="attack_fx" frame="0" z_index="1" m_a="0.335327" m_b="0.000000" m_c="0.000000" m_d="0.335327" m_tx="5.417255" m_ty="-34.690613"/>
  </frame>
  <frame idx="1550" w="358" h="440" x="-10.232315" y="-101.102798">
   <element name="attack_fx" layername="attack_fx" frame="0" z_index="8" m_a="0.335327" m_b="0.000000" m_c="0.000000" m_d="0.335327" m_tx="-167.439896" m_ty="-250.428848"/>
   <element name="attack_fx" layername="attack_fx" frame="0" z_index="7" m_a="0.335327" m_b="0.000000" m_c="0.000000" m_d="0.335327" m_tx="61.131542" m_ty="-235.220123"/>
   <element name="attack_fx" layername="attack_fx" frame="0" z_index="1" m_a="0.335327" m_b="0.000000" m_c="0.000000" m_d="0.335327" m_tx="5.417255" m_ty="-37.620468"/>
  </frame>
  <frame idx="1575" w="358" h="444" x="-10.232315" y="-104.032654">
   <element name="attack_fx" layername="attack_fx" frame="0" z_index="8" m_a="0.335327" m_b="0.000000" m_c="0.000000" m_d="0.335327" m_tx="-167.439896" m_ty="-253.358704"/>
   <element name="attack_fx" layername="attack_fx" frame="0" z_index="7" m_a="0.335327" m_b="0.000000" m_c="0.000000" m_d="0.335327" m_tx="61.131542" m_ty="-238.149979"/>
   <element name="attack_fx" layername="attack_fx" frame="0" z_index="1" m_a="0.335327" m_b="0.000000" m_c="0.000000" m_d="0.335327" m_tx="5.417255" m_ty="-40.550323"/>
  </frame>
  <frame idx="1600" w="358" h="647" x="-10.232315" y="-167.580139">
   <element name="attack_fx" layername="attack_fx" frame="0" z_index="8" m_a="0.335327" m_b="0.000000" m_c="0.000000" m_d="0.335327" m_tx="-167.439896" m_ty="-256.288574"/>
   <element name="attack_fx" layername="attack_fx" frame="0" z_index="7" m_a="0.335327" m_b="0.000000" m_c="0.000000" m_d="0.335327" m_tx="61.131542" m_ty="-241.079834"/>
   <element name="attack_fx" layername="attack_fx" frame="0" z_index="6" m_a="0.335327" m_b="0.000000" m_c="0.000000" m_d="0.335327" m_tx="-140.297028" m_ty="-377.523804"/>
   <element name="attack_fx" layername="attack_fx" frame="0" z_index="1" m_a="0.335327" m_b="0.000000" m_c="0.000000" m_d="0.335327" m_tx="5.417255" m_ty="-43.480175"/>
  </frame>
  <frame idx="1625" w="358" h="651" x="-10.232315" y="-170.509995">
   <element name="attack_fx" layername="attack_fx" frame="0" z_index="8" m_a="0.335327" m_b="0.000000" m_c="0.000000" m_d="0.335327" m_tx="-167.439896" m_ty="-259.218414"/>
   <element name="attack_fx" layername="attack_fx" frame="0" z_index="7" m_a="0.335327" m_b="0.000000" m_c="0.000000" m_d="0.335327" m_tx="61.131542" m_ty="-244.009689"/>
   <element name="attack_fx" layername="attack_fx" frame="0" z_index="6" m_a="0.335327" m_b="0.000000" m_c="0.000000" m_d="0.335327" m_tx="-140.297028" m_ty="-380.453674"/>
   <element name="attack_fx" layername="attack_fx" frame="0" z_index="1" m_a="0.335327" m_b="0.000000" m_c="0.000000" m_d="0.335327" m_tx="5.417255" m_ty="-46.410030"/>
  </frame>
  <frame idx="1650" w="313" h="654" x="3.339111" y="-173.439835">
   <element name="attack_fx" layername="attack_fx" frame="0" z_index="7" m_a="0.335327" m_b="0.000000" m_c="0.000000" m_d="0.335327" m_tx="61.131542" m_ty="-246.939545"/>
   <element name="attack_fx" layername="attack_fx" frame="0" z_index="6" m_a="0.335327" m_b="0.000000" m_c="0.000000" m_d="0.335327" m_tx="-140.297028" m_ty="-383.383484"/>
   <element name="attack_fx" layername="attack_fx" frame="0" z_index="1" m_a="0.335327" m_b="0.000000" m_c="0.000000" m_d="0.335327" m_tx="5.417255" m_ty="-49.339886"/>
  </frame>
  <frame idx="1675" w="313" h="657" x="3.339111" y="-176.369690">
   <element name="attack_fx" layername="attack_fx" frame="0" z_index="7" m_a="0.335327" m_b="0.000000" m_c="0.000000" m_d="0.335327" m_tx="61.131542" m_ty="-249.869400"/>
   <element name="attack_fx" layername="attack_fx" frame="0" z_index="6" m_a="0.335327" m_b="0.000000" m_c="0.000000" m_d="0.335327" m_tx="-140.297028" m_ty="-386.313354"/>
   <element name="attack_fx" layername="attack_fx" frame="0" z_index="1" m_a="0.335327" m_b="0.000000" m_c="0.000000" m_d="0.335327" m_tx="5.417255" m_ty="-52.269741"/>
  </frame>
  <frame idx="1700" w="313" h="660" x="3.339111" y="-179.299561">
   <element name="attack_fx" layername="attack_fx" frame="0" z_index="7" m_a="0.335327" m_b="0.000000" m_c="0.000000" m_d="0.335327" m_tx="61.131542" m_ty="-252.799255"/>
   <element name="attack_fx" layername="attack_fx" frame="0" z_index="6" m_a="0.335327" m_b="0.000000" m_c="0.000000" m_d="0.335327" m_tx="-140.297028" m_ty="-389.243225"/>
   <element name="attack_fx" layername="attack_fx" frame="0" z_index="1" m_a="0.335327" m_b="0.000000" m_c="0.000000" m_d="0.335327" m_tx="5.417255" m_ty="-55.199596"/>
  </frame>
  <frame idx="1725" w="313" h="664" x="3.339111" y="-182.229385">
   <element name="attack_fx" layername="attack_fx" frame="0" z_index="7" m_a="0.335327" m_b="0.000000" m_c="0.000000" m_d="0.335327" m_tx="61.131542" m_ty="-255.729111"/>
   <element name="attack_fx" layername="attack_fx" frame="0" z_index="6" m_a="0.335327" m_b="0.000000" m_c="0.000000" m_d="0.335327" m_tx="-140.297028" m_ty="-392.173035"/>
   <element name="attack_fx" layername="attack_fx" frame="0" z_index="1" m_a="0.335327" m_b="0.000000" m_c="0.000000" m_d="0.335327" m_tx="5.417255" m_ty="-58.129452"/>
  </frame>
  <frame idx="1750" w="313" h="667" x="3.339111" y="-185.159241">
   <element name="attack_fx" layername="attack_fx" frame="0" z_index="7" m_a="0.335327" m_b="0.000000" m_c="0.000000" m_d="0.335327" m_tx="61.131542" m_ty="-258.658966"/>
   <element name="attack_fx" layername="attack_fx" frame="0" z_index="6" m_a="0.335327" m_b="0.000000" m_c="0.000000" m_d="0.335327" m_tx="-140.297028" m_ty="-395.102905"/>
   <element name="attack_fx" layername="attack_fx" frame="0" z_index="1" m_a="0.335327" m_b="0.000000" m_c="0.000000" m_d="0.335327" m_tx="5.417255" m_ty="-61.059303"/>
  </frame>
  <frame idx="1775" w="313" h="669" x="3.339111" y="-188.089111">
   <element name="attack_fx" layername="attack_fx" frame="0" z_index="7" m_a="0.335327" m_b="0.000000" m_c="0.000000" m_d="0.335327" m_tx="61.131542" m_ty="-261.588806"/>
   <element name="attack_fx" layername="attack_fx" frame="0" z_index="6" m_a="0.335327" m_b="0.000000" m_c="0.000000" m_d="0.335327" m_tx="-140.297028" m_ty="-398.032776"/>
   <element name="attack_fx" layername="attack_fx" frame="0" z_index="1" m_a="0.335327" m_b="0.000000" m_c="0.000000" m_d="0.335327" m_tx="5.417255" m_ty="-63.989159"/>
  </frame>
  <frame idx="1800" w="313" h="673" x="3.339111" y="-191.018967">
   <element name="attack_fx" layername="attack_fx" frame="0" z_index="7" m_a="0.335327" m_b="0.000000" m_c="0.000000" m_d="0.335327" m_tx="61.131542" m_ty="-264.518677"/>
   <element name="attack_fx" layername="attack_fx" frame="0" z_index="6" m_a="0.335327" m_b="0.000000" m_c="0.000000" m_d="0.335327" m_tx="-140.297028" m_ty="-400.962646"/>
   <element name="attack_fx" layername="attack_fx" frame="0" z_index="1" m_a="0.335327" m_b="0.000000" m_c="0.000000" m_d="0.335327" m_tx="5.417255" m_ty="-66.919014"/>
  </frame>
  <frame idx="1825" w="313" h="676" x="3.339111" y="-193.948807">
   <element name="attack_fx" layername="attack_fx" frame="0" z_index="7" m_a="0.335327" m_b="0.000000" m_c="0.000000" m_d="0.335327" m_tx="61.131542" m_ty="-267.448547"/>
   <element name="attack_fx" layername="attack_fx" frame="0" z_index="6" m_a="0.335327" m_b="0.000000" m_c="0.000000" m_d="0.335327" m_tx="-140.297028" m_ty="-403.892456"/>
   <element name="attack_fx" layername="attack_fx" frame="0" z_index="1" m_a="0.335327" m_b="0.000000" m_c="0.000000" m_d="0.335327" m_tx="5.417255" m_ty="-69.848869"/>
  </frame>
  <frame idx="1850" w="313" h="570" x="3.339111" y="-295.678467">
   <element name="attack_fx" layername="attack_fx" frame="0" z_index="7" m_a="0.335327" m_b="0.000000" m_c="0.000000" m_d="0.335327" m_tx="61.131542" m_ty="-270.378357"/>
   <element name="attack_fx" layername="attack_fx" frame="0" z_index="6" m_a="0.335327" m_b="0.000000" m_c="0.000000" m_d="0.335327" m_tx="-140.297028" m_ty="-406.822327"/>
  </frame>
  <frame idx="1875" w="313" h="574" x="3.339111" y="-298.608337">
   <element name="attack_fx" layername="attack_fx" frame="0" z_index="7" m_a="0.335327" m_b="0.000000" m_c="0.000000" m_d="0.335327" m_tx="61.131542" m_ty="-273.308228"/>
   <element name="attack_fx" layername="attack_fx" frame="0" z_index="6" m_a="0.335327" m_b="0.000000" m_c="0.000000" m_d="0.335327" m_tx="-140.297028" m_ty="-409.752197"/>
  </frame>
  <frame idx="1900" w="313" h="577" x="3.339111" y="-301.538208">
   <element name="attack_fx" layername="attack_fx" frame="0" z_index="7" m_a="0.335327" m_b="0.000000" m_c="0.000000" m_d="0.335327" m_tx="61.131542" m_ty="-276.238098"/>
   <element name="attack_fx" layername="attack_fx" frame="0" z_index="6" m_a="0.335327" m_b="0.000000" m_c="0.000000" m_d="0.335327" m_tx="-140.297028" m_ty="-412.682068"/>
  </frame>
  <frame idx="1925" w="313" h="580" x="3.339111" y="-304.468079">
   <element name="attack_fx" layername="attack_fx" frame="0" z_index="7" m_a="0.335327" m_b="0.000000" m_c="0.000000" m_d="0.335327" m_tx="61.131542" m_ty="-279.167969"/>
   <element name="attack_fx" layername="attack_fx" frame="0" z_index="6" m_a="0.335327" m_b="0.000000" m_c="0.000000" m_d="0.335327" m_tx="-140.297028" m_ty="-415.611877"/>
  </frame>
  <frame idx="1950" w="313" h="583" x="3.339111" y="-307.397888">
   <element name="attack_fx" layername="attack_fx" frame="0" z_index="7" m_a="0.335327" m_b="0.000000" m_c="0.000000" m_d="0.335327" m_tx="61.131542" m_ty="-282.097778"/>
   <element name="attack_fx" layername="attack_fx" frame="0" z_index="6" m_a="0.335327" m_b="0.000000" m_c="0.000000" m_d="0.335327" m_tx="-140.297028" m_ty="-418.541748"/>
  </frame>
  <frame idx="1975" w="315" h="555" x="4.767685" y="-339.784607">
   <element name="attack_fx" layername="attack_fx" frame="0" z_index="6" m_a="0.335327" m_b="0.000000" m_c="0.000000" m_d="0.335327" m_tx="-140.297028" m_ty="-421.471619"/>
   <element name="attack_fx" layername="attack_fx" frame="0" z_index="5" m_a="0.335327" m_b="0.000000" m_c="0.000000" m_d="0.335327" m_tx="63.988682" m_ty="-343.941284"/>
  </frame>
  <frame idx="2000" w="315" h="558" x="4.767685" y="-342.732178">
   <element name="attack_fx" layername="attack_fx" frame="0" z_index="6" m_a="0.335327" m_b="0.000000" m_c="0.000000" m_d="0.335327" m_tx="-140.297028" m_ty="-424.401489"/>
   <element name="attack_fx" layername="attack_fx" frame="0" z_index="5" m_a="0.335327" m_b="0.000000" m_c="0.000000" m_d="0.335327" m_tx="63.988682" m_ty="-346.906616"/>
  </frame>
  <frame idx="2025" w="315" h="560" x="4.767685" y="-345.772888">
   <element name="attack_fx" layername="attack_fx" frame="0" z_index="6" m_a="0.335327" m_b="0.000000" m_c="0.000000" m_d="0.335327" m_tx="-140.297028" m_ty="-427.331299"/>
   <element name="attack_fx" layername="attack_fx" frame="0" z_index="5" m_a="0.335327" m_b="0.000000" m_c="0.000000" m_d="0.335327" m_tx="63.988682" m_ty="-350.058228"/>
  </frame>
  <frame idx="2050" w="315" h="564" x="4.767685" y="-348.813660">
   <element name="attack_fx" layername="attack_fx" frame="0" z_index="6" m_a="0.335327" m_b="0.000000" m_c="0.000000" m_d="0.335327" m_tx="-140.297028" m_ty="-430.261169"/>
   <element name="attack_fx" layername="attack_fx" frame="0" z_index="5" m_a="0.335327" m_b="0.000000" m_c="0.000000" m_d="0.335327" m_tx="63.988682" m_ty="-353.209839"/>
  </frame>
  <frame idx="2075" w="315" h="567" x="4.767685" y="-351.854431">
   <element name="attack_fx" layername="attack_fx" frame="0" z_index="6" m_a="0.335327" m_b="0.000000" m_c="0.000000" m_d="0.335327" m_tx="-140.297028" m_ty="-433.191040"/>
   <element name="attack_fx" layername="attack_fx" frame="0" z_index="5" m_a="0.335327" m_b="0.000000" m_c="0.000000" m_d="0.335327" m_tx="63.988682" m_ty="-356.361511"/>
  </frame>
  <frame idx="2100" w="315" h="570" x="4.767685" y="-354.895142">
   <element name="attack_fx" layername="attack_fx" frame="0" z_index="6" m_a="0.335327" m_b="0.000000" m_c="0.000000" m_d="0.335327" m_tx="-140.297028" m_ty="-436.120911"/>
   <element name="attack_fx" layername="attack_fx" frame="0" z_index="5" m_a="0.335327" m_b="0.000000" m_c="0.000000" m_d="0.335327" m_tx="63.988682" m_ty="-359.513123"/>
  </frame>
  <frame idx="2125" w="315" h="574" x="4.767685" y="-357.935913">
   <element name="attack_fx" layername="attack_fx" frame="0" z_index="6" m_a="0.335327" m_b="0.000000" m_c="0.000000" m_d="0.335327" m_tx="-140.297028" m_ty="-439.050720"/>
   <element name="attack_fx" layername="attack_fx" frame="0" z_index="5" m_a="0.335327" m_b="0.000000" m_c="0.000000" m_d="0.335327" m_tx="63.988682" m_ty="-362.664795"/>
  </frame>
  <frame idx="2150" w="315" h="576" x="4.767685" y="-360.976624">
   <element name="attack_fx" layername="attack_fx" frame="0" z_index="6" m_a="0.335327" m_b="0.000000" m_c="0.000000" m_d="0.335327" m_tx="-140.297028" m_ty="-441.980591"/>
   <element name="attack_fx" layername="attack_fx" frame="0" z_index="5" m_a="0.335327" m_b="0.000000" m_c="0.000000" m_d="0.335327" m_tx="63.988682" m_ty="-365.816406"/>
  </frame>
  <frame idx="2175" w="-23" h="454" x="106.910538" y="-326.046143">
   <element name="attack_fx" layername="attack_fx" frame="0" z_index="5" m_a="0.335327" m_b="0.000000" m_c="0.000000" m_d="0.335327" m_tx="63.988682" m_ty="-368.968018"/>
  </frame>
  <frame idx="2200" w="-23" h="458" x="106.910538" y="-329.197815">
   <element name="attack_fx" layername="attack_fx" frame="0" z_index="5" m_a="0.335327" m_b="0.000000" m_c="0.000000" m_d="0.335327" m_tx="63.988682" m_ty="-372.119690"/>
  </frame>
  <frame idx="2225" w="-23" h="461" x="106.910538" y="-332.349426">
   <element name="attack_fx" layername="attack_fx" frame="0" z_index="5" m_a="0.335327" m_b="0.000000" m_c="0.000000" m_d="0.335327" m_tx="63.988682" m_ty="-375.271301"/>
  </frame>
  <frame idx="2250" w="-23" h="465" x="106.910538" y="-335.501099">
   <element name="attack_fx" layername="attack_fx" frame="0" z_index="5" m_a="0.335327" m_b="0.000000" m_c="0.000000" m_d="0.335327" m_tx="63.988682" m_ty="-378.422974"/>
  </frame>
  <frame idx="2275" w="-23" h="468" x="106.910538" y="-338.652710">
   <element name="attack_fx" layername="attack_fx" frame="0" z_index="5" m_a="0.335327" m_b="0.000000" m_c="0.000000" m_d="0.335327" m_tx="63.988682" m_ty="-381.574585"/>
  </frame>
  <frame idx="2300" w="-23" h="471" x="106.910538" y="-341.804382">
   <element name="attack_fx" layername="attack_fx" frame="0" z_index="5" m_a="0.335327" m_b="0.000000" m_c="0.000000" m_d="0.335327" m_tx="63.988682" m_ty="-384.726257"/>
  </frame>
  <frame idx="2325" w="515" h="542" x="-55.946609" y="-284.544586">
   <element name="attack_fx" layername="attack_fx" frame="0" z_index="5" m_a="0.335327" m_b="0.000000" m_c="0.000000" m_d="0.335327" m_tx="63.988682" m_ty="-387.877869"/>
   <element name="attack_fx" layername="attack_fx" frame="0" z_index="4" m_a="0.335327" m_b="0.000000" m_c="0.000000" m_d="0.335327" m_tx="-261.725616" m_ty="-267.055023"/>
  </frame>
  <frame idx="2350" w="515" h="545" x="-55.946609" y="-287.585327">
   <element name="attack_fx" layername="attack_fx" frame="0" z_index="5" m_a="0.335327" m_b="0.000000" m_c="0.000000" m_d="0.335327" m_tx="63.988682" m_ty="-391.029480"/>
   <element name="attack_fx" layername="attack_fx" frame="0" z_index="4" m_a="0.335327" m_b="0.000000" m_c="0.000000" m_d="0.335327" m_tx="-261.725616" m_ty="-269.984863"/>
  </frame>
  <frame idx="2375" w="515" h="547" x="-55.946609" y="-291.379822">
   <element name="attack_fx" layername="attack_fx" frame="0" z_index="5" m_a="0.335327" m_b="0.000000" m_c="0.000000" m_d="0.335327" m_tx="63.988682" m_ty="-394.181152"/>
   <element name="attack_fx" layername="attack_fx" frame="0" z_index="4" m_a="0.335327" m_b="0.000000" m_c="0.000000" m_d="0.335327" m_tx="-261.725616" m_ty="-274.422241"/>
  </frame>
  <frame idx="2400" w="515" h="550" x="-55.946609" y="-295.412354">
   <element name="attack_fx" layername="attack_fx" frame="0" z_index="5" m_a="0.335327" m_b="0.000000" m_c="0.000000" m_d="0.335327" m_tx="63.988682" m_ty="-397.332764"/>
   <element name="attack_fx" layername="attack_fx" frame="0" z_index="4" m_a="0.335327" m_b="0.000000" m_c="0.000000" m_d="0.335327" m_tx="-261.725616" m_ty="-279.335663"/>
  </frame>
  <frame idx="2425" w="515" h="553" x="-55.946609" y="-299.444885">
   <element name="attack_fx" layername="attack_fx" frame="0" z_index="5" m_a="0.335327" m_b="0.000000" m_c="0.000000" m_d="0.335327" m_tx="63.988682" m_ty="-400.484436"/>
   <element name="attack_fx" layername="attack_fx" frame="0" z_index="4" m_a="0.335327" m_b="0.000000" m_c="0.000000" m_d="0.335327" m_tx="-261.725616" m_ty="-284.249084"/>
  </frame>
  <frame idx="2450" w="515" h="555" x="-55.946609" y="-303.477417">
   <element name="attack_fx" layername="attack_fx" frame="0" z_index="5" m_a="0.335327" m_b="0.000000" m_c="0.000000" m_d="0.335327" m_tx="63.988682" m_ty="-403.636047"/>
   <element name="attack_fx" layername="attack_fx" frame="0" z_index="4" m_a="0.335327" m_b="0.000000" m_c="0.000000" m_d="0.335327" m_tx="-261.725616" m_ty="-289.162506"/>
  </frame>
  <frame idx="2475" w="515" h="558" x="-55.946609" y="-307.509949">
   <element name="attack_fx" layername="attack_fx" frame="0" z_index="5" m_a="0.335327" m_b="0.000000" m_c="0.000000" m_d="0.335327" m_tx="63.988682" m_ty="-406.787659"/>
   <element name="attack_fx" layername="attack_fx" frame="0" z_index="4" m_a="0.335327" m_b="0.000000" m_c="0.000000" m_d="0.335327" m_tx="-261.725616" m_ty="-294.075928"/>
  </frame>
  <frame idx="2500" w="336" h="377" x="-218.803757" y="-256.067505">
   <element name="attack_fx" layername="attack_fx" frame="0" z_index="4" m_a="0.335327" m_b="0.000000" m_c="0.000000" m_d="0.335327" m_tx="-261.725616" m_ty="-298.989349"/>
  </frame>
  <frame idx="2525" w="336" h="382" x="-218.803757" y="-260.980896">
   <element name="attack_fx" layername="attack_fx" frame="0" z_index="4" m_a="0.335327" m_b="0.000000" m_c="0.000000" m_d="0.335327" m_tx="-261.725616" m_ty="-303.902771"/>
  </frame>
  <frame idx="2550" w="336" h="388" x="-218.803757" y="-265.894287">
   <element name="attack_fx" layername="attack_fx" frame="0" z_index="4" m_a="0.335327" m_b="0.000000" m_c="0.000000" m_d="0.335327" m_tx="-261.725616" m_ty="-308.816162"/>
  </frame>
  <frame idx="2575" w="336" h="393" x="-218.803757" y="-270.807739">
   <element name="attack_fx" layername="attack_fx" frame="0" z_index="4" m_a="0.335327" m_b="0.000000" m_c="0.000000" m_d="0.335327" m_tx="-261.725616" m_ty="-313.729614"/>
  </frame>
  <frame idx="2600" w="336" h="399" x="-218.803757" y="-275.721130">
   <element name="attack_fx" layername="attack_fx" frame="0" z_index="4" m_a="0.335327" m_b="0.000000" m_c="0.000000" m_d="0.335327" m_tx="-261.725616" m_ty="-318.643005"/>
  </frame>
  <frame idx="2625" w="336" h="404" x="-218.803757" y="-280.634583">
   <element name="attack_fx" layername="attack_fx" frame="0" z_index="4" m_a="0.335327" m_b="0.000000" m_c="0.000000" m_d="0.335327" m_tx="-261.725616" m_ty="-323.556458"/>
  </frame>
  <frame idx="2650" w="336" h="410" x="-218.803757" y="-285.547974">
   <element name="attack_fx" layername="attack_fx" frame="0" z_index="4" m_a="0.335327" m_b="0.000000" m_c="0.000000" m_d="0.335327" m_tx="-261.725616" m_ty="-328.469849"/>
  </frame>
  <frame idx="2675" w="401" h="583" x="-159.518036" y="-136.876007">
   <element name="attack_fx" layername="attack_fx" frame="0" z_index="4" m_a="0.335327" m_b="0.000000" m_c="0.000000" m_d="0.335327" m_tx="-261.725616" m_ty="-333.383301"/>
   <element name="attack_fx" layername="attack_fx" frame="0" z_index="3" m_a="0.335327" m_b="0.000000" m_c="0.000000" m_d="0.335327" m_tx="-143.154175" m_ty="-26.212429"/>
  </frame>
  <frame idx="2700" w="206" h="81" x="-100.232315" y="13.779568">
   <element name="attack_fx" layername="attack_fx" frame="0" z_index="3" m_a="0.335327" m_b="0.000000" m_c="0.000000" m_d="0.335327" m_tx="-143.154175" m_ty="-29.142284"/>
  </frame>
  <frame idx="2725" w="206" h="92" x="-100.232315" y="3.502941">
   <element name="attack_fx" layername="attack_fx" frame="0" z_index="3" m_a="0.335327" m_b="0.000000" m_c="0.000000" m_d="0.335327" m_tx="-143.154175" m_ty="-39.418919"/>
  </frame>
  <frame idx="2750" w="206" h="103" x="-100.232315" y="-7.079823">
   <element name="attack_fx" layername="attack_fx" frame="0" z_index="3" m_a="0.335327" m_b="0.000000" m_c="0.000000" m_d="0.335327" m_tx="-143.154175" m_ty="-50.001671"/>
  </frame>
  <frame idx="2775" w="206" h="115" x="-100.232315" y="-17.662571">
   <element name="attack_fx" layername="attack_fx" frame="0" z_index="3" m_a="0.335327" m_b="0.000000" m_c="0.000000" m_d="0.335327" m_tx="-143.154175" m_ty="-60.584427"/>
  </frame>
  <frame idx="2800" w="206" h="127" x="-100.232315" y="-28.245319">
   <element name="attack_fx" layername="attack_fx" frame="0" z_index="3" m_a="0.335327" m_b="0.000000" m_c="0.000000" m_d="0.335327" m_tx="-143.154175" m_ty="-71.167175"/>
  </frame>
  <frame idx="2825" w="206" h="138" x="-100.232315" y="-38.828068">
   <element name="attack_fx" layername="attack_fx" frame="0" z_index="3" m_a="0.335327" m_b="0.000000" m_c="0.000000" m_d="0.335327" m_tx="-143.154175" m_ty="-81.749924"/>
  </frame>
  <frame idx="2850" w="206" h="150" x="-100.232315" y="-49.410816">
   <element name="attack_fx" layername="attack_fx" frame="0" z_index="3" m_a="0.335327" m_b="0.000000" m_c="0.000000" m_d="0.335327" m_tx="-143.154175" m_ty="-92.332680"/>
  </frame>
  <frame idx="2875" w="206" h="150" x="-100.232315" y="-49.410816"/>
  <frame idx="2900" w="206" h="150" x="-100.232315" y="-49.410816"/>
  <frame idx="2925" w="206" h="150" x="-100.232315" y="-49.410816"/>
  <frame idx="2950" w="-155" h="297" x="226.910553" y="-183.524979">
   <element name="attack_fx" layername="attack_fx" frame="0" z_index="2" m_a="0.335327" m_b="0.000000" m_c="0.000000" m_d="0.335327" m_tx="183.988693" m_ty="-226.446823"/>
  </frame>
  <frame idx="2975" w="-155" h="306" x="226.910553" y="-191.205704">
   <element name="attack_fx" layername="attack_fx" frame="0" z_index="2" m_a="0.335327" m_b="0.000000" m_c="0.000000" m_d="0.335327" m_tx="183.988693" m_ty="-234.127548"/>
  </frame>
 </anim>
</Anims>
