<Anims>
 <anim name="idle" root="spider_flag" numframes="1000" framerate="40">
  <frame idx="0" w="191" h="315" x="2.965141" y="-110.411972">
   <element name="spider_flag" layername="spider_flag" frame="0" z_index="1" m_a="0.683573" m_b="0.000000" m_c="0.000000" m_d="0.683573" m_tx="-72.610641" m_ty="12.869047"/>
  </frame>
  <frame idx="25" w="191" h="315" x="2.965141" y="-110.411972">
   <element name="spider_flag" layername="spider_flag" frame="0" z_index="1" m_a="0.683573" m_b="0.000000" m_c="0.000000" m_d="0.683573" m_tx="-72.610641" m_ty="12.869047"/>
  </frame>
  <frame idx="50" w="191" h="315" x="2.965141" y="-110.411972">
   <element name="spider_flag" layername="spider_flag" frame="0" z_index="1" m_a="0.683573" m_b="0.000000" m_c="0.000000" m_d="0.683573" m_tx="-72.610641" m_ty="12.869047"/>
  </frame>
  <frame idx="75" w="191" h="315" x="2.965141" y="-110.411972">
   <element name="spider_flag" layername="spider_flag" frame="0" z_index="1" m_a="0.683573" m_b="0.000000" m_c="0.000000" m_d="0.683573" m_tx="-72.610641" m_ty="12.869047"/>
  </frame>
  <frame idx="100" w="191" h="315" x="2.965141" y="-110.411972">
   <element name="spider_flag" layername="spider_flag" frame="0" z_index="1" m_a="0.683573" m_b="0.000000" m_c="0.000000" m_d="0.683573" m_tx="-72.610641" m_ty="12.869047"/>
  </frame>
  <frame idx="125" w="191" h="315" x="2.965141" y="-110.411972">
   <element name="spider_flag" layername="spider_flag" frame="0" z_index="1" m_a="0.683573" m_b="0.000000" m_c="0.000000" m_d="0.683573" m_tx="-72.610641" m_ty="12.869047"/>
  </frame>
  <frame idx="150" w="191" h="315" x="2.965141" y="-110.411972">
   <element name="spider_flag" layername="spider_flag" frame="0" z_index="1" m_a="0.683573" m_b="0.000000" m_c="0.000000" m_d="0.683573" m_tx="-72.610641" m_ty="12.869047"/>
  </frame>
  <frame idx="175" w="191" h="315" x="2.965141" y="-110.411972">
   <element name="spider_flag" layername="spider_flag" frame="0" z_index="1" m_a="0.683573" m_b="0.000000" m_c="0.000000" m_d="0.683573" m_tx="-72.610641" m_ty="12.869047"/>
  </frame>
  <frame idx="200" w="191" h="315" x="2.965141" y="-110.411972">
   <element name="spider_flag" layername="spider_flag" frame="0" z_index="1" m_a="0.683573" m_b="0.000000" m_c="0.000000" m_d="0.683573" m_tx="-72.610641" m_ty="12.869047"/>
  </frame>
  <frame idx="225" w="191" h="315" x="2.965141" y="-110.411972">
   <element name="spider_flag" layername="spider_flag" frame="0" z_index="1" m_a="0.683573" m_b="0.000000" m_c="0.000000" m_d="0.683573" m_tx="-72.610641" m_ty="12.869047"/>
  </frame>
  <frame idx="250" w="191" h="315" x="2.965141" y="-110.411972">
   <element name="spider_flag" layername="spider_flag" frame="0" z_index="1" m_a="0.683573" m_b="0.000000" m_c="0.000000" m_d="0.683573" m_tx="-72.610641" m_ty="12.869047"/>
  </frame>
  <frame idx="275" w="191" h="315" x="2.965141" y="-110.411972">
   <element name="spider_flag" layername="spider_flag" frame="0" z_index="1" m_a="0.683573" m_b="0.000000" m_c="0.000000" m_d="0.683573" m_tx="-72.610641" m_ty="12.869047"/>
  </frame>
  <frame idx="300" w="191" h="315" x="2.965141" y="-110.411972">
   <element name="spider_flag" layername="spider_flag" frame="0" z_index="1" m_a="0.683573" m_b="0.000000" m_c="0.000000" m_d="0.683573" m_tx="-72.610641" m_ty="12.869047"/>
  </frame>
  <frame idx="325" w="191" h="315" x="2.965141" y="-110.411972">
   <element name="spider_flag" layername="spider_flag" frame="0" z_index="1" m_a="0.683573" m_b="0.000000" m_c="0.000000" m_d="0.683573" m_tx="-72.610641" m_ty="12.869047"/>
  </frame>
  <frame idx="350" w="191" h="315" x="2.965141" y="-110.411972">
   <element name="spider_flag" layername="spider_flag" frame="0" z_index="1" m_a="0.683573" m_b="0.000000" m_c="0.000000" m_d="0.683573" m_tx="-72.610641" m_ty="12.869047"/>
  </frame>
  <frame idx="375" w="191" h="315" x="2.965141" y="-110.411972">
   <element name="spider_flag" layername="spider_flag" frame="0" z_index="1" m_a="0.683573" m_b="0.000000" m_c="0.000000" m_d="0.683573" m_tx="-72.610641" m_ty="12.869047"/>
  </frame>
  <frame idx="400" w="191" h="315" x="2.965141" y="-110.411972">
   <element name="spider_flag" layername="spider_flag" frame="0" z_index="1" m_a="0.683573" m_b="0.000000" m_c="0.000000" m_d="0.683573" m_tx="-72.610641" m_ty="12.869047"/>
  </frame>
  <frame idx="425" w="191" h="315" x="2.965141" y="-110.411972">
   <element name="spider_flag" layername="spider_flag" frame="0" z_index="1" m_a="0.683573" m_b="0.000000" m_c="0.000000" m_d="0.683573" m_tx="-72.610641" m_ty="12.869047"/>
  </frame>
  <frame idx="450" w="191" h="315" x="2.965141" y="-110.411972">
   <element name="spider_flag" layername="spider_flag" frame="0" z_index="1" m_a="0.683573" m_b="0.000000" m_c="0.000000" m_d="0.683573" m_tx="-72.610641" m_ty="12.869047"/>
  </frame>
  <frame idx="475" w="191" h="315" x="2.965141" y="-110.411972">
   <element name="spider_flag" layername="spider_flag" frame="0" z_index="1" m_a="0.683573" m_b="0.000000" m_c="0.000000" m_d="0.683573" m_tx="-72.610641" m_ty="12.869047"/>
  </frame>
  <frame idx="500" w="191" h="315" x="2.965141" y="-110.411972">
   <element name="spider_flag" layername="spider_flag" frame="0" z_index="1" m_a="0.683573" m_b="0.000000" m_c="0.000000" m_d="0.683573" m_tx="-72.610641" m_ty="12.869047"/>
  </frame>
  <frame idx="525" w="191" h="315" x="2.965141" y="-110.411972">
   <element name="spider_flag" layername="spider_flag" frame="0" z_index="1" m_a="0.683573" m_b="0.000000" m_c="0.000000" m_d="0.683573" m_tx="-72.610641" m_ty="12.869047"/>
  </frame>
  <frame idx="550" w="191" h="315" x="2.965141" y="-110.411972">
   <element name="spider_flag" layername="spider_flag" frame="0" z_index="1" m_a="0.683573" m_b="0.000000" m_c="0.000000" m_d="0.683573" m_tx="-72.610641" m_ty="12.869047"/>
  </frame>
  <frame idx="575" w="191" h="315" x="2.965141" y="-110.411972">
   <element name="spider_flag" layername="spider_flag" frame="0" z_index="1" m_a="0.683573" m_b="0.000000" m_c="0.000000" m_d="0.683573" m_tx="-72.610641" m_ty="12.869047"/>
  </frame>
  <frame idx="600" w="191" h="315" x="2.965141" y="-110.411972">
   <element name="spider_flag" layername="spider_flag" frame="0" z_index="1" m_a="0.683573" m_b="0.000000" m_c="0.000000" m_d="0.683573" m_tx="-72.610641" m_ty="12.869047"/>
  </frame>
  <frame idx="625" w="191" h="315" x="2.965141" y="-110.411972">
   <element name="spider_flag" layername="spider_flag" frame="0" z_index="1" m_a="0.683573" m_b="0.000000" m_c="0.000000" m_d="0.683573" m_tx="-72.610641" m_ty="12.869047"/>
  </frame>
  <frame idx="650" w="191" h="315" x="2.965141" y="-110.411972">
   <element name="spider_flag" layername="spider_flag" frame="0" z_index="1" m_a="0.683573" m_b="0.000000" m_c="0.000000" m_d="0.683573" m_tx="-72.610641" m_ty="12.869047"/>
  </frame>
  <frame idx="675" w="191" h="315" x="2.965141" y="-110.411972">
   <element name="spider_flag" layername="spider_flag" frame="0" z_index="1" m_a="0.683573" m_b="0.000000" m_c="0.000000" m_d="0.683573" m_tx="-72.610641" m_ty="12.869047"/>
  </frame>
  <frame idx="700" w="191" h="315" x="2.965141" y="-110.411972">
   <element name="spider_flag" layername="spider_flag" frame="0" z_index="1" m_a="0.683573" m_b="0.000000" m_c="0.000000" m_d="0.683573" m_tx="-72.610641" m_ty="12.869047"/>
  </frame>
  <frame idx="725" w="191" h="315" x="2.965141" y="-110.411972">
   <element name="spider_flag" layername="spider_flag" frame="0" z_index="1" m_a="0.683573" m_b="0.000000" m_c="0.000000" m_d="0.683573" m_tx="-72.610641" m_ty="12.869047"/>
  </frame>
  <frame idx="750" w="191" h="315" x="2.965141" y="-110.411972">
   <element name="spider_flag" layername="spider_flag" frame="0" z_index="1" m_a="0.683573" m_b="0.000000" m_c="0.000000" m_d="0.683573" m_tx="-72.610641" m_ty="12.869047"/>
  </frame>
  <frame idx="775" w="191" h="315" x="2.965141" y="-110.411972">
   <element name="spider_flag" layername="spider_flag" frame="0" z_index="1" m_a="0.683573" m_b="0.000000" m_c="0.000000" m_d="0.683573" m_tx="-72.610641" m_ty="12.869047"/>
  </frame>
  <frame idx="800" w="191" h="315" x="2.965141" y="-110.411972">
   <element name="spider_flag" layername="spider_flag" frame="0" z_index="1" m_a="0.683573" m_b="0.000000" m_c="0.000000" m_d="0.683573" m_tx="-72.610641" m_ty="12.869047"/>
  </frame>
  <frame idx="825" w="191" h="315" x="2.965141" y="-110.411972">
   <element name="spider_flag" layername="spider_flag" frame="0" z_index="1" m_a="0.683573" m_b="0.000000" m_c="0.000000" m_d="0.683573" m_tx="-72.610641" m_ty="12.869047"/>
  </frame>
  <frame idx="850" w="191" h="315" x="2.965141" y="-110.411972">
   <element name="spider_flag" layername="spider_flag" frame="0" z_index="1" m_a="0.683573" m_b="0.000000" m_c="0.000000" m_d="0.683573" m_tx="-72.610641" m_ty="12.869047"/>
  </frame>
  <frame idx="875" w="191" h="315" x="2.965141" y="-110.411972">
   <element name="spider_flag" layername="spider_flag" frame="0" z_index="1" m_a="0.683573" m_b="0.000000" m_c="0.000000" m_d="0.683573" m_tx="-72.610641" m_ty="12.869047"/>
  </frame>
  <frame idx="900" w="191" h="315" x="2.965141" y="-110.411972">
   <element name="spider_flag" layername="spider_flag" frame="0" z_index="1" m_a="0.683573" m_b="0.000000" m_c="0.000000" m_d="0.683573" m_tx="-72.610641" m_ty="12.869047"/>
  </frame>
  <frame idx="925" w="191" h="315" x="2.965141" y="-110.411972">
   <element name="spider_flag" layername="spider_flag" frame="0" z_index="1" m_a="0.683573" m_b="0.000000" m_c="0.000000" m_d="0.683573" m_tx="-72.610641" m_ty="12.869047"/>
  </frame>
  <frame idx="950" w="191" h="315" x="2.965141" y="-110.411972">
   <element name="spider_flag" layername="spider_flag" frame="0" z_index="1" m_a="0.683573" m_b="0.000000" m_c="0.000000" m_d="0.683573" m_tx="-72.610641" m_ty="12.869047"/>
  </frame>
  <frame idx="975" w="191" h="315" x="2.965141" y="-110.411972">
   <element name="spider_flag" layername="spider_flag" frame="0" z_index="1" m_a="0.683573" m_b="0.000000" m_c="0.000000" m_d="0.683573" m_tx="-72.610641" m_ty="12.869047"/>
  </frame>
 </anim>
</Anims>
